Volume (micron^3),Surface (micron^2),Nb of obj. voxels,Nb of surf. voxels,IntDen,Mean,StdDev,Median,Min,Max,X,Y,Z,Mean dist. to surf. (micron),SD dist. to surf. (micron),Median dist. to surf. (micron),XM,YM,ZM,BX,BY,BZ,B-width,B-height,B-depth
170.554,462.209,6016,2688,128,0.021,0.161,0.000,0,3,873.990,95.491,7.337,3.542,1.255,3.537,869.297,95.664,9.344,851,78,1,49,37,11
412.691,781.353,14557,5072,67,0.005,0.068,0.000,0,1,1050.220,97.318,7.780,5.063,1.830,4.723,1048.418,94.433,10.104,1018,61,1,64,66,14
11.056,41.816,390,198,0,0.000,0.000,0.000,0,0,1058.954,146.613,5.513,1.485,0.487,1.462,NaN,NaN,NaN,1053,143,1,14,8,9
78.218,252.406,2759,1328,7,0.003,0.050,0.000,0,1,1073.755,166.609,4.974,2.770,0.891,2.657,1078.000,168.571,7.143,1062,148,1,26,40,9
4.961,23.704,175,107,0,0.000,0.000,0.000,0,0,1055.257,172.680,4.937,1.206,0.486,1.161,NaN,NaN,NaN,1052,170,1,7,6,8
82.215,249.090,2900,1327,178,0.061,0.387,0.000,0,7,963.584,181.662,5.894,3.000,1.223,2.969,960.343,184.017,7.770,947,158,1,35,37,10
379.039,760.727,13370,4882,192,0.014,0.122,0.000,0,2,991.584,236.135,9.211,5.040,1.928,5.010,982.688,236.297,12.474,953,212,1,75,51,17
57.352,136.778,2023,786,2,9.886E-4,0.031,0.000,0,1,1189.912,224.986,4.756,2.353,0.432,2.381,1188.000,232.500,8.000,1177,216,1,27,22,9
9.809,49.075,346,224,8,0.023,0.151,0.000,0,1,1170.101,230.147,4.272,1.443,0.488,1.526,1173.000,230.625,6.000,1163,226,1,15,9,8
13.098,42.471,462,236,17,0.037,0.188,0.000,0,1,1160.994,242.208,3.965,1.507,0.363,1.572,1162.765,243.059,6.765,1157,237,1,9,11,8
114.165,280.522,4027,1620,130,0.032,0.190,0.000,0,2,1205.387,250.355,4.862,3.021,0.753,2.979,1209.800,254.831,5.346,1184,234,1,38,33,10
17.605,53.318,621,294,0,0.000,0.000,0.000,0,0,1182.306,260.878,4.089,1.639,0.354,1.693,NaN,NaN,NaN,1176,256,1,13,11,8
1.644,13.516,58,49,0,0.000,0.000,0.000,0,0,1090.638,269.362,4.052,0.817,0.347,0.731,NaN,NaN,NaN,1086,268,1,8,5,6
5.415,25.722,191,115,2,0.010,0.102,0.000,0,1,1092.623,278.010,4.215,1.217,0.419,1.161,1092.500,277.500,7.500,1089,275,1,8,7,8
6.180,27.943,218,121,91,0.417,0.556,0.000,0,2,1102.862,286.784,4.550,1.217,0.417,1.082,1103.923,286.275,5.088,1099,284,1,9,7,8
96.390,294.921,3400,1634,391,0.115,0.444,0.000,0,5,1069.901,294.479,6.504,2.791,0.962,2.826,1067.841,296.997,6.675,1055,273,1,34,40,11
13.665,46.105,482,226,0,0.000,0.000,0.000,0,0,1095.654,303.695,4.633,1.533,0.402,1.446,NaN,NaN,NaN,1090,299,1,12,10,9
199.924,356.531,7052,2660,418,0.059,0.482,0.000,0,10,1215.017,338.288,4.353,3.424,0.993,3.516,1226.294,341.935,6.675,1191,323,1,44,33,9
29.881,102.454,1054,542,0,0.000,0.000,0.000,0,0,1266.850,333.728,3.736,2.104,0.672,2.126,NaN,NaN,NaN,1255,325,1,26,20,8
21.858,86.213,771,441,0,0.000,0.000,0.000,0,0,1262.520,355.246,5.200,1.785,0.584,1.796,NaN,NaN,NaN,1253,347,1,23,15,8
161524.031,298535.031,5697497,1680887,129243152,22.684,195.477,0.000,0,4095,752.587,579.933,29.399,83.787,48.949,77.628,322.592,220.270,36.961,0,0,1,1469,958,60
423.152,928.122,14926,4989,941776,63.096,384.913,0.000,0,3783,1361.883,810.900,31.266,8.060,4.224,7.502,1338.837,827.900,45.520,1335,789,1,54,45,56
226.233,534.536,7980,2748,13229,1.658,5.518,0.000,0,67,1409.783,797.070,17.206,5.874,2.805,5.376,1395.610,800.935,8.560,1387,785,1,48,24,39
147.420,285.365,5200,1724,263529,50.679,131.798,0.000,0,1041,1432.588,816.222,6.495,3.500,1.015,3.571,1418.416,814.532,5.729,1412,805,1,40,24,16
47.118,96.071,1662,634,39,0.023,0.243,0.000,0,5,1359.272,816.182,4.199,2.186,0.299,2.165,1357.359,808.410,3.205,1351,808,1,19,18,10
0.454,4.439,16,15,0,0.000,0.000,0.000,0,0,1039.062,814.062,1.500,0.407,0.126,0.368,NaN,NaN,NaN,1038,813,1,3,3,3
89.699,161.623,3164,938,100,0.032,0.211,0.000,0,3,1244.744,840.210,7.582,3.171,0.920,3.245,1243.430,838.220,12.900,1235,830,1,20,21,16
82.584,186.134,2913,1032,48,0.016,0.138,0.000,0,2,1434.136,841.948,7.671,3.665,1.668,3.582,1432.917,847.333,12.083,1424,833,1,22,19,24
2.296,13.567,81,63,0,0.000,0.000,0.000,0,0,1155.827,873.358,2.519,0.826,0.275,0.885,NaN,NaN,NaN,1154,871,1,5,6,5
4.621,23.099,163,100,0,0.000,0.000,0.000,0,0,1044.577,149.828,5.509,1.113,0.420,1.018,NaN,NaN,NaN,1042,147,2,6,7,8
6.662,29.914,235,130,0,0.000,0.000,0.000,0,0,972.940,171.791,5.600,1.170,0.282,1.119,NaN,NaN,NaN,969,168,2,10,9,7
127.858,361.423,4510,2136,82,0.018,0.134,0.000,0,1,1214.402,175.899,9.297,3.576,1.256,3.587,1219.537,173.500,11.341,1191,158,2,46,42,13
142.941,284.097,5042,1892,3,5.950E-4,0.024,0.000,0,1,686.744,206.075,9.647,3.408,1.157,3.135,690.000,191.667,9.333,675,180,2,27,49,14
55.027,127.864,1941,753,4,0.002,0.045,0.000,0,1,662.795,192.205,7.826,2.249,0.451,2.258,659.000,182.750,9.750,649,182,2,24,21,11
2.410,14.175,85,61,0,0.000,0.000,0.000,0,0,1080.094,270.918,4.435,0.827,0.259,0.841,NaN,NaN,NaN,1077,268,2,6,7,5
2.863,20.426,101,79,0,0.000,0.000,0.000,0,0,1288.931,331.911,5.089,0.979,0.354,0.965,NaN,NaN,NaN,1286,328,2,6,10,6
13.098,43.632,462,220,0,0.000,0.000,0.000,0,0,1278.180,369.171,6.617,1.518,0.440,1.509,NaN,NaN,NaN,1272,366,2,13,7,9
14.799,50.353,522,266,11,0.021,0.144,0.000,0,1,885.615,74.766,7.287,1.470,0.319,1.415,883.545,72.909,10.273,880,69,3,11,17,9
205.934,343.675,7264,2180,1636,0.225,0.570,0.000,0,9,772.290,94.462,9.884,3.786,1.129,3.671,766.497,87.265,11.074,748,78,3,48,35,14
78.558,198.264,2771,1176,0,0.000,0.000,0.000,0,0,711.967,126.746,8.362,2.495,0.669,2.533,NaN,NaN,NaN,695,112,3,32,28,11
218.125,413.225,7694,2480,3363,0.437,1.341,0.000,0,21,822.593,127.759,10.571,3.775,1.242,3.818,823.259,124.528,13.452,802,107,3,42,44,16
182.432,345.364,6435,2322,287,0.045,0.249,0.000,0,3,744.333,168.022,9.925,3.386,1.031,3.175,744.223,171.132,10.787,727,147,3,36,44,13
4.309,21.890,152,91,0,0.000,0.000,0.000,0,0,938.855,165.112,6.250,1.033,0.327,0.974,NaN,NaN,NaN,936,162,3,7,8,7
1.389,9.835,49,39,0,0.000,0.000,0.000,0,0,1104.449,302.429,4.898,0.696,0.272,0.637,NaN,NaN,NaN,1103,301,3,4,4,5
5.075,24.968,179,112,31,0.173,0.394,0.000,0,2,1278.408,342.911,5.816,1.063,0.305,1.054,1278.387,345.774,6.065,1276,339,3,6,10,6
21.234,61.857,749,355,31,0.041,0.199,0.000,0,1,1475.511,852.527,7.027,1.669,0.331,1.692,1479.000,850.000,8.000,1470,844,3,12,16,9
3712.546,6086.836,130954,34337,40584,0.310,0.902,0.000,0,32,578.892,73.268,24.600,13.556,5.207,13.694,588.229,77.943,20.413,491,0,4,175,185,49
11.198,43.695,395,227,0,0.000,0.000,0.000,0,0,941.884,50.947,7.696,1.327,0.350,1.340,NaN,NaN,NaN,936,44,4,13,14,7
418.049,1051.198,14746,5456,4488,0.304,1.274,0.000,0,29,735.475,35.337,18.875,7.372,3.002,6.951,739.444,44.217,15.749,690,7,4,83,63,43
4.649,22.898,164,98,13,0.079,0.293,0.000,0,2,881.976,59.811,7.366,1.102,0.384,1.026,879.538,60.308,8.385,879,57,4,7,7,7
7.428,31.779,262,148,0,0.000,0.000,0.000,0,0,864.244,74.000,7.569,1.200,0.286,1.190,NaN,NaN,NaN,859,70,4,10,9,7
5.755,30.719,203,147,0,0.000,0.000,0.000,0,0,1056.384,138.857,6.182,1.179,0.377,1.209,NaN,NaN,NaN,1051,136,4,15,9,5
34.956,138.954,1233,705,8,0.006,0.080,0.000,0,1,673.637,159.801,7.829,2.273,0.783,2.326,678.125,171.875,8.000,660,146,4,28,29,8
3.033,16.798,107,78,0,0.000,0.000,0.000,0,0,969.477,158.692,5.607,0.850,0.191,0.889,NaN,NaN,NaN,966,156,4,8,7,4
1.531,11.097,54,41,0,0.000,0.000,0.000,0,0,1041.537,169.759,5.444,0.692,0.189,0.672,NaN,NaN,NaN,1039,168,4,6,5,4
2.155,13.367,76,57,0,0.000,0.000,0.000,0,0,983.289,174.684,5.842,0.763,0.229,0.721,NaN,NaN,NaN,980,172,4,6,6,5
0.680,6.203,24,20,0,0.000,0.000,0.000,0,0,1048.000,173.625,5.625,0.539,0.209,0.439,NaN,NaN,NaN,1047,172,4,3,4,4
0.709,6.255,25,23,0,0.000,0.000,0.000,0,0,1052.200,180.600,5.040,0.495,0.153,0.574,NaN,NaN,NaN,1051,178,4,3,5,3
0.482,4.541,17,17,0,0.000,0.000,0.000,0,0,1029.353,190.235,4.588,0.388,0.075,0.386,NaN,NaN,NaN,1028,189,4,4,3,2
0.340,3.884,12,12,0,0.000,0.000,0.000,0,0,1281.500,335.000,5.000,0.395,0.205,0.411,NaN,NaN,NaN,1281,334,4,2,3,3
45.757,123.134,1614,631,242,0.150,0.540,0.000,0,6,1466.015,821.578,11.349,2.762,0.977,2.776,1463.331,825.380,13.178,1453,815,4,23,16,16
158.902,420.162,5605,2507,74,0.013,0.137,0.000,0,3,869.419,137.020,11.336,4.217,1.726,4.053,865.608,137.459,14.189,839,114,5,57,48,14
2.722,18.968,96,77,0,0.000,0.000,0.000,0,0,1072.094,144.990,6.344,0.887,0.251,0.903,NaN,NaN,NaN,1067,142,5,11,8,4
5.046,22.851,178,102,0,0.000,0.000,0.000,0,0,698.096,149.545,7.663,1.068,0.281,1.029,NaN,NaN,NaN,695,147,5,8,7,6
0.340,3.985,12,11,0,0.000,0.000,0.000,0,0,960.417,148.917,5.917,0.395,0.177,0.323,NaN,NaN,NaN,959,148,5,3,3,3
0.255,3.026,9,9,0,0.000,0.000,0.000,0,0,977.111,161.333,5.556,0.338,0.044,0.346,NaN,NaN,NaN,976,161,5,3,2,2
0.539,4.943,19,18,0,0.000,0.000,0.000,0,0,980.211,165.000,5.895,0.451,0.167,0.517,NaN,NaN,NaN,979,164,5,3,3,3
1.361,10.087,48,36,0,0.000,0.000,0.000,0,0,938.667,178.417,7.104,0.695,0.263,0.642,NaN,NaN,NaN,937,177,5,5,4,5
2.268,14.375,80,57,0,0.000,0.000,0.000,0,0,946.037,182.587,7.125,0.803,0.245,0.744,NaN,NaN,NaN,944,180,5,6,6,5
0.113,1.665,4,4,0,0.000,0.000,0.000,0,0,1219.750,260.250,5.000,0.196,0.089,0.208,NaN,NaN,NaN,1219,259,5,2,3,1
0.085,1.463,3,3,0,0.000,0.000,0.000,0,0,1085.333,312.000,5.333,0.274,0.095,0.239,NaN,NaN,NaN,1085,312,5,2,1,2
3.714,18.864,131,83,0,0.000,0.000,0.000,0,0,1301.374,349.740,7.855,0.987,0.298,0.896,NaN,NaN,NaN,1299,347,5,6,7,6
1.644,10.541,58,47,0,0.000,0.000,0.000,0,0,1282.345,356.586,6.534,0.713,0.205,0.835,NaN,NaN,NaN,1280,355,5,5,5,4
55.254,180.204,1949,1042,67,0.034,0.188,0.000,0,2,1273.188,391.830,9.689,2.664,1.004,2.672,1269.672,391.254,10.045,1251,383,5,42,21,10
7.087,29.759,250,134,0,0.000,0.000,0.000,0,0,934.924,694.452,8.696,1.257,0.393,1.157,NaN,NaN,NaN,931,691,5,8,8,8
7.399,34.148,261,145,0,0.000,0.000,0.000,0,0,725.318,714.598,9.360,1.330,0.500,1.226,NaN,NaN,NaN,720,711,5,11,8,9
68.465,148.451,2415,751,318,0.132,0.464,0.000,0,4,1351.036,830.937,13.709,2.851,0.928,2.732,1349.827,826.393,13.777,1343,819,5,17,22,18
100.246,252.434,3536,1446,768,0.217,0.505,0.000,0,4,687.645,38.534,13.481,3.445,1.281,3.324,676.405,43.306,13.230,664,29,6,51,22,14
2.155,13.066,76,54,34,0.447,0.737,0.000,0,3,955.197,55.158,7.724,0.751,0.181,0.746,956.235,54.176,7.824,952,53,6,7,5,5
0.765,6.557,27,23,0,0.000,0.000,0.000,0,0,875.482,55.259,7.444,0.550,0.209,0.454,NaN,NaN,NaN,874,54,6,4,3,4
1.899,15.637,67,58,0,0.000,0.000,0.000,0,0,849.836,77.030,7.701,0.817,0.338,0.800,NaN,NaN,NaN,844,74,6,10,9,4
4.111,21.593,145,99,0,0.000,0.000,0.000,0,0,686.310,169.159,8.000,0.955,0.245,0.982,NaN,NaN,NaN,682,165,6,10,9,5
1.219,8.728,43,38,0,0.000,0.000,0.000,0,0,1189.884,176.000,7.000,0.582,0.139,0.609,NaN,NaN,NaN,1187,174,6,7,5,3
1.162,8.123,41,35,0,0.000,0.000,0.000,0,0,642.000,199.390,6.976,0.574,0.116,0.597,NaN,NaN,NaN,640,198,6,5,4,3
613.664,1170.279,21646,6567,5352,0.247,0.614,0.000,0,7,1134.367,364.085,23.525,6.988,2.487,7.046,1137.664,370.248,28.016,1086,339,6,96,55,35
0.567,5.195,20,18,0,0.000,0.000,0.000,0,0,1285.500,347.150,7.150,0.475,0.152,0.508,NaN,NaN,NaN,1284,346,6,4,3,3
1.134,8.474,40,33,0,0.000,0.000,0.000,0,0,1292.925,353.225,7.525,0.657,0.222,0.554,NaN,NaN,NaN,1291,352,6,5,4,4
41.193,122.050,1453,669,667,0.459,0.965,0.000,0,7,1422.930,777.637,10.303,2.155,0.729,2.202,1422.988,778.792,9.364,1409,769,6,29,17,10
125.874,221.141,4440,1445,222,0.050,0.294,0.000,0,7,570.158,22.337,12.833,2.905,0.608,2.984,575.662,21.604,13.293,559,5,7,24,34,12
121.508,201.302,4286,1300,269,0.063,0.266,0.000,0,3,476.582,30.265,12.094,2.881,0.387,2.950,473.502,28.100,11.755,461,18,7,30,26,11
231.506,330.987,8166,2439,460,0.056,0.270,0.000,0,4,433.967,34.286,12.974,3.533,0.736,3.659,429.654,40.576,14.950,413,17,7,41,36,12
12.559,45.463,443,255,56,0.126,0.339,0.000,0,2,927.388,33.043,9.041,1.405,0.355,1.344,926.946,36.000,8.946,924,26,7,10,18,6
1.984,12.712,70,50,0,0.000,0.000,0.000,0,0,939.271,35.843,8.886,0.733,0.199,0.696,NaN,NaN,NaN,937,33,7,5,7,5
130.410,221.616,4600,1491,425,0.092,0.373,0.000,0,4,507.438,46.677,12.376,2.952,0.550,2.985,504.461,41.774,13.518,493,32,7,28,33,11
5.613,29.669,198,145,0,0.000,0.000,0.000,0,0,979.975,54.672,9.015,0.980,0.299,1.020,NaN,NaN,NaN,975,50,7,11,10,5
1.219,8.879,43,34,0,0.000,0.000,0.000,0,0,962.767,53.930,8.233,0.610,0.175,0.561,NaN,NaN,NaN,961,52,7,4,5,4
0.340,3.632,12,12,0,0.000,0.000,0.000,0,0,846.167,69.500,7.833,0.392,0.185,0.391,NaN,NaN,NaN,845,69,7,3,2,3
0.510,4.388,18,18,0,0.000,0.000,0.000,0,0,836.500,74.000,8.000,0.468,0.196,0.571,NaN,NaN,NaN,836,73,7,2,3,3
1.219,8.827,43,34,0,0.000,0.000,0.000,0,0,846.326,95.419,8.465,0.654,0.207,0.555,NaN,NaN,NaN,844,94,7,5,4,4
11.652,57.463,411,268,75,0.182,0.440,0.000,0,2,623.657,185.825,10.893,1.530,0.515,1.524,622.027,182.187,11.427,614,179,7,19,15,8
0.198,2.221,7,7,89,12.714,13.500,8.000,1,33,1205.000,191.000,7.000,0.219,0.106,0.225,1204.595,191.685,7.000,1204,190,7,3,3,1
1.758,12.208,62,52,27,0.435,0.500,0.000,0,1,732.774,610.726,8.403,0.687,0.199,0.705,733.259,610.074,8.074,729,608,7,7,6,4
21.546,60.291,760,325,4,0.005,0.072,0.000,0,1,911.541,788.943,10.614,1.702,0.282,1.700,906.500,790.000,11.000,905,782,7,14,15,8
20.497,64.883,723,349,9242,12.783,11.190,8.000,1,46,1406.589,822.090,12.196,1.646,0.351,1.567,1405.524,822.326,11.779,1400,815,7,14,17,10
13.551,47.662,478,262,341,0.713,1.404,0.000,0,8,513.734,1.818,12.548,1.605,0.494,1.609,514.182,3.293,13.463,506,0,8,16,6,9
67.019,208.261,2364,1149,142,0.060,0.276,0.000,0,3,391.625,13.080,13.378,2.644,0.864,2.750,391.683,20.324,13.254,377,0,8,31,27,10
120.346,204.547,4245,1341,319,0.075,0.296,0.000,0,3,537.878,18.658,12.441,2.860,0.407,2.911,538.962,18.931,13.768,525,3,8,27,31,11
0.482,5.497,17,15,0,0.000,0.000,0.000,0,0,949.765,36.353,9.294,0.492,0.214,0.441,NaN,NaN,NaN,949,35,8,3,4,4
0.028,0.605,1,1,0,0.000,0.000,0.000,0,0,932.000,43.000,8.000,0.000,0.000,0.000,NaN,NaN,NaN,932,43,8,1,1,1
63.107,198.886,2226,1205,28,0.013,0.111,0.000,0,1,978.657,25.342,13.572,3.328,1.426,3.190,974.714,15.357,14.107,960,8,8,35,46,10
120.884,191.116,4264,1260,177,0.042,0.201,0.000,0,2,543.023,57.216,13.367,2.922,0.362,2.901,544.712,59.085,15.356,531,43,8,24,31,11
0.057,0.959,2,2,0,0.000,0.000,0.000,0,0,1187.500,169.000,8.000,0.112,0.000,0.112,NaN,NaN,NaN,1187,169,8,2,1,1
1.984,12.260,70,51,7,0.100,0.302,0.000,0,1,631.686,194.029,9.443,0.732,0.180,0.728,631.000,195.857,10.571,629,191,8,6,7,4
0.057,0.959,2,2,0,0.000,0.000,0.000,0,0,1287.500,360.000,8.000,0.112,0.000,0.112,NaN,NaN,NaN,1287,360,8,2,1,1
0.397,3.935,14,14,124,8.857,2.931,8.000,6,15,725.714,610.786,8.357,0.360,0.072,0.372,725.621,610.629,8.419,724,610,8,4,3,2
4.167,20.630,147,94,3,0.020,0.142,0.000,0,1,711.673,617.102,10.422,1.014,0.310,0.957,710.333,615.000,10.333,707,615,8,9,5,6
2.580,14.326,91,64,1,0.011,0.105,0.000,0,1,670.253,682.407,10.044,0.822,0.244,0.764,672.000,682.000,9.000,667,680,8,7,5,5
13.665,44.102,482,253,4181,8.674,18.532,0.000,0,117,1391.234,782.635,10.515,1.372,0.252,1.345,1390.925,779.422,10.127,1384,777,8,14,12,7
212.086,492.295,7481,2821,544,0.073,0.365,0.000,0,8,1488.757,837.816,20.108,4.277,1.307,4.314,1486.743,840.189,22.994,1465,815,8,43,44,24
1.588,10.894,56,41,0,0.000,0.000,0.000,0,0,940.786,20.518,10.929,0.721,0.264,0.669,NaN,NaN,NaN,939,19,9,5,4,5
2.296,14.022,81,61,0,0.000,0.000,0.000,0,0,964.778,35.716,11.272,0.837,0.270,0.816,NaN,NaN,NaN,962,34,9,7,5,5
1.956,12.611,69,52,1,0.014,0.120,0.000,0,1,1095.203,98.087,10.812,0.716,0.179,0.703,1097.000,99.000,12.000,1093,96,9,6,5,5
47.344,166.339,1670,987,20,0.012,0.109,0.000,0,1,1128.326,99.583,13.946,2.742,1.097,2.743,1134.000,99.800,14.500,1108,82,9,36,31,11
0.057,0.959,2,2,0,0.000,0.000,0.000,0,0,708.000,108.500,9.000,0.112,0.000,0.112,NaN,NaN,NaN,708,108,9,1,2,1
186.033,351.569,6562,1924,945,0.144,0.509,0.000,0,6,887.451,192.080,16.068,4.196,1.457,3.967,895.784,199.723,18.553,864,170,9,49,46,16
44.084,138.668,1555,804,22,0.014,0.118,0.000,0,1,1312.742,219.192,13.494,2.493,0.990,2.247,1322.364,222.000,15.227,1293,211,9,40,19,9
2.240,13.518,79,57,0,0.000,0.000,0.000,0,0,694.038,726.038,11.215,0.799,0.247,0.756,NaN,NaN,NaN,692,724,9,6,5,5
5.585,35.318,197,159,31,0.157,0.474,0.000,0,2,1241.107,769.518,11.010,1.312,0.570,1.232,1242.935,769.613,12.323,1234,763,9,16,16,5
2.977,16.697,105,75,31,0.295,0.479,0.000,0,2,1301.800,840.962,10.971,0.838,0.218,0.774,1301.065,841.194,11.645,1299,838,9,6,7,5
246.532,508.249,8696,2725,5818,0.669,3.099,0.000,0,52,1461.036,888.642,23.797,6.025,2.260,5.738,1459.768,890.803,19.418,1437,861,9,53,48,34
334.190,573.128,11788,3112,3324511,282.025,490.162,7.000,0,2400,163.203,6.135,30.724,7.343,3.676,7.073,156.305,6.633,43.664,140,0,10,45,17,50
5.897,25.225,208,122,0,0.000,0.000,0.000,0,0,1095.260,87.812,12.250,1.077,0.222,1.034,NaN,NaN,NaN,1092,84,10,8,9,6
70.365,142.504,2482,727,1046648,421.695,423.567,274.000,1,1755,42.201,92.039,16.862,2.814,0.761,2.746,42.577,94.406,14.566,32,82,10,21,19,15
243.980,561.008,8606,3977,545,0.063,0.418,0.000,0,10,1280.389,167.759,16.788,4.449,1.612,4.410,1270.268,167.152,16.589,1250,143,10,62,49,14
5.018,27.497,177,122,71,0.401,0.685,0.000,0,3,1313.955,233.678,12.514,1.066,0.304,1.039,1314.465,235.704,12.648,1310,228,10,10,11,5
8.760,35.120,309,171,10,0.032,0.177,0.000,0,1,1325.719,242.777,12.809,1.209,0.254,1.236,1328.200,247.000,11.600,1321,237,10,10,14,6
4.366,22.802,154,103,1,0.006,0.081,0.000,0,1,1318.714,250.493,11.890,1.010,0.282,0.983,1320.000,248.000,11.000,1312,247,10,11,8,5
11.623,39.618,410,249,1,0.002,0.049,0.000,0,1,1291.415,413.534,12.239,1.312,0.315,1.320,1297.000,416.000,14.000,1283,409,10,16,10,5
45.190,142.999,1594,717,60868,38.186,52.189,17.000,0,247,534.210,490.908,16.850,2.663,0.803,2.754,537.241,495.007,18.852,525,478,10,22,24,14
16.783,55.753,592,307,69,0.117,0.562,0.000,0,8,574.968,553.328,13.894,1.560,0.440,1.553,573.754,547.246,14.261,570,543,10,11,19,9
14.005,48.184,494,260,4,0.008,0.090,0.000,0,1,1316.146,837.180,13.634,1.486,0.357,1.482,1313.500,834.250,15.000,1311,829,10,11,16,8
0.113,1.413,4,4,0,0.000,0.000,0.000,0,0,1293.500,846.500,10.000,0.159,0.000,0.159,NaN,NaN,NaN,1293,846,10,2,2,1
0.595,6.858,21,21,0,0.000,0.000,0.000,0,0,470.619,0.095,12.571,0.596,0.249,0.587,NaN,NaN,NaN,468,0,11,6,2,4
0.283,3.530,10,10,0,0.000,0.000,0.000,0,0,939.500,13.200,12.100,0.384,0.202,0.408,NaN,NaN,NaN,939,12,11,2,3,3
120.204,206.732,4240,1404,685,0.162,0.489,0.000,0,6,469.116,77.079,15.755,2.902,0.465,2.887,466.591,78.076,16.791,453,66,11,34,26,11
4.479,21.947,158,106,55462,351.025,139.062,369.500,67,601,187.462,76.437,13.310,0.946,0.183,0.954,187.688,76.989,13.183,183,73,11,10,9,5
178.917,308.936,6311,2267,513,0.081,0.315,0.000,0,3,796.332,240.987,17.318,3.672,1.256,3.449,798.314,247.803,18.721,774,220,11,48,43,12
333.339,637.648,11758,3162,2480,0.211,0.620,0.000,0,9,1035.221,305.942,20.617,5.514,1.953,5.570,1031.942,304.579,18.507,1000,278,11,67,54,21
18.087,57.305,638,295,25967,40.701,30.467,32.000,2,133,385.788,336.660,15.810,1.658,0.414,1.646,385.911,338.107,15.340,380,330,11,13,13,10
0.028,0.605,1,1,0,0.000,0.000,0.000,0,0,1163.000,357.000,11.000,0.000,0.000,0.000,NaN,NaN,NaN,1163,357,11,1,1,1
0.992,7.970,35,29,0,0.000,0.000,0.000,0,0,1412.029,369.857,12.543,0.586,0.201,0.537,NaN,NaN,NaN,1411,368,11,3,5,4
2.070,12.562,73,54,0,0.000,0.000,0.000,0,0,1454.479,381.644,12.808,0.720,0.160,0.708,NaN,NaN,NaN,1451,379,11,7,6,4
0.907,6.811,32,30,0,0.000,0.000,0.000,0,0,1450.969,386.250,12.344,0.505,0.143,0.478,NaN,NaN,NaN,1449,384,11,4,5,3
1.446,9.837,51,41,0,0.000,0.000,0.000,0,0,1438.059,388.157,12.216,0.622,0.142,0.620,NaN,NaN,NaN,1436,386,11,5,5,4
0.028,0.605,1,1,0,0.000,0.000,0.000,0,0,718.000,613.000,11.000,0.000,0.000,0.000,NaN,NaN,NaN,718,613,11,1,1,1
9.157,36.013,323,170,0,0.000,0.000,0.000,0,0,638.966,635.991,15.437,1.367,0.415,1.291,NaN,NaN,NaN,634,632,11,10,8,9
45.672,120.544,1611,675,41,0.025,0.158,0.000,0,1,1379.884,806.720,17.356,2.520,0.872,2.551,1378.195,806.854,17.756,1368,794,11,23,26,13
6.095,29.160,215,132,0,0.000,0.000,0.000,0,0,1466.967,798.921,13.423,1.094,0.259,1.053,NaN,NaN,NaN,1462,795,11,10,11,6
46.579,103.708,1643,682,613,0.373,0.745,0.000,0,5,687.014,9.080,17.005,2.130,0.438,2.157,683.436,10.039,16.912,674,3,12,26,15,10
0.482,4.894,17,15,5,0.294,0.470,0.000,0,1,1115.529,95.647,13.118,0.417,0.139,0.379,1115.000,95.200,13.600,1114,94,12,4,4,3
64.780,162.818,2285,1020,184,0.081,0.314,0.000,0,3,588.204,173.923,16.530,2.477,0.650,2.378,589.696,171.489,16.462,575,159,12,28,27,10
306.860,535.318,10824,3907,511,0.047,0.253,0.000,0,4,600.262,228.257,17.798,4.848,2.067,4.624,599.818,225.397,18.366,570,195,12,53,71,12
11.709,40.624,413,242,0,0.000,0.000,0.000,0,0,1329.417,232.668,14.002,1.356,0.332,1.313,NaN,NaN,NaN,1321,229,12,18,9,5
0.737,6.307,26,22,0,0.000,0.000,0.000,0,0,1446.846,382.423,12.885,0.487,0.117,0.502,NaN,NaN,NaN,1445,381,12,5,4,3
0.028,0.605,1,1,0,0.000,0.000,0.000,0,0,1426.000,389.000,12.000,0.000,0.000,0.000,NaN,NaN,NaN,1426,389,12,1,1,1
0.028,0.605,1,1,0,0.000,0.000,0.000,0,0,1396.000,412.000,12.000,0.000,0.000,0.000,NaN,NaN,NaN,1396,412,12,1,1,1
0.595,5.096,21,21,0,0.000,0.000,0.000,0,0,1404.619,417.476,12.619,0.404,0.088,0.404,NaN,NaN,NaN,1403,416,12,4,5,2
0.765,6.559,27,23,0,0.000,0.000,0.000,0,0,1377.593,418.889,12.852,0.507,0.146,0.534,NaN,NaN,NaN,1375,418,12,6,3,3
25.317,93.164,893,544,9,0.010,0.100,0.000,0,1,1417.129,432.011,14.901,1.792,0.591,1.804,1414.000,435.000,17.000,1406,422,12,24,19,7
1.559,11.552,55,45,470,8.545,5.106,7.000,3,24,492.473,459.873,14.182,0.770,0.297,0.717,492.128,460.466,14.419,491,457,12,4,6,5
6.804,36.882,240,175,56,0.233,0.603,0.000,0,4,850.162,578.158,14.175,1.418,0.590,1.478,853.554,583.964,15.161,843,569,12,14,18,5
142.487,275.446,5026,1445,4125,0.821,1.815,0.000,0,22,785.355,80.737,20.756,3.685,1.024,3.767,782.151,74.145,18.676,769,63,13,35,38,16
0.255,3.128,9,9,1,0.111,0.333,0.000,0,1,1096.222,78.667,13.333,0.327,0.078,0.341,1095.000,79.000,13.000,1095,78,13,3,3,2
1.162,8.375,41,34,0,0.000,0.000,0.000,0,0,1112.610,86.927,14.024,0.578,0.105,0.602,NaN,NaN,NaN,1111,85,13,5,5,3
15.621,52.569,551,265,395,0.717,1.234,0.000,0,7,320.064,190.140,16.091,1.540,0.319,1.615,320.701,188.349,16.767,312,185,13,16,11,8
22.708,99.561,801,522,39,0.049,0.221,0.000,0,2,867.395,220.247,15.793,2.070,0.838,2.129,860.820,226.538,16.128,856,204,13,20,31,7
4.224,20.936,149,97,0,0.000,0.000,0.000,0,0,851.020,206.309,15.275,0.946,0.219,0.968,NaN,NaN,NaN,848,202,13,7,9,5
0.057,0.959,2,2,0,0.000,0.000,0.000,0,0,1307.500,230.000,13.000,0.112,0.000,0.112,NaN,NaN,NaN,1307,230,13,2,1,1
127.348,318.223,4492,2228,167,0.037,0.195,0.000,0,2,708.906,262.533,17.311,3.312,1.052,3.354,713.335,264.329,17.874,685,246,13,45,36,9
2.211,13.216,78,53,0,0.000,0.000,0.000,0,0,1374.346,269.154,14.987,0.779,0.227,0.715,NaN,NaN,NaN,1372,267,13,6,5,5
0.397,3.834,14,14,0,0.000,0.000,0.000,0,0,1387.857,292.857,13.429,0.361,0.050,0.369,NaN,NaN,NaN,1387,292,13,3,3,2
0.170,2.421,6,6,0,0.000,0.000,0.000,0,0,1486.333,378.333,14.000,0.299,0.213,0.190,NaN,NaN,NaN,1486,378,13,2,2,3
1.021,8.777,36,30,4,0.111,0.319,0.000,0,1,1488.472,384.000,13.917,0.591,0.148,0.612,1488.000,383.500,13.250,1486,382,13,6,5,3
0.113,1.715,4,4,0,0.000,0.000,0.000,0,0,1492.000,391.500,13.500,0.302,0.000,0.302,NaN,NaN,NaN,1492,391,13,1,2,2
0.113,1.816,4,4,0,0.000,0.000,0.000,0,0,1503.750,402.500,13.750,0.265,0.119,0.217,NaN,NaN,NaN,1503,402,13,2,2,2
0.170,1.868,6,6,0,0.000,0.000,0.000,0,0,1420.500,418.000,13.000,0.205,0.072,0.252,NaN,NaN,NaN,1420,417,13,2,3,1
0.964,7.416,34,28,0,0.000,0.000,0.000,0,0,1373.000,425.500,14.000,0.553,0.116,0.593,NaN,NaN,NaN,1371,424,13,5,4,3
15.933,64.093,562,354,9,0.016,0.126,0.000,0,1,1389.822,434.472,15.649,1.663,0.618,1.570,1386.778,434.556,17.556,1379,424,13,27,18,7
17.861,55.539,630,270,0,0.000,0.000,0.000,0,0,658.308,676.506,17.511,1.704,0.478,1.627,NaN,NaN,NaN,652,671,13,13,12,10
0.539,5.902,19,17,0,0.000,0.000,0.000,0,0,1351.474,854.105,14.105,0.471,0.156,0.515,NaN,NaN,NaN,1349,853,13,6,3,3
4.026,22.853,142,107,5,0.035,0.185,0.000,0,1,1361.711,857.359,14.570,0.969,0.307,1.000,1358.600,857.400,14.600,1356,854,13,11,8,5
34.020,95.369,1200,471,1742747,1452.289,1115.428,1317.000,5,3739,105.144,5.562,21.565,2.553,1.026,2.485,105.262,4.767,23.659,99,0,14,15,14,17
14.685,52.486,518,325,396,0.764,1.121,0.000,0,7,98.187,44.212,16.000,1.411,0.436,1.371,97.682,47.455,15.217,93,33,14,12,21,5
1.247,8.577,44,36,0,0.000,0.000,0.000,0,0,876.750,214.977,14.955,0.587,0.097,0.603,NaN,NaN,NaN,875,213,14,5,5,3
146.881,395.495,5181,2504,263,0.051,0.300,0.000,0,4,1357.109,201.892,19.562,3.832,1.317,3.949,1356.597,209.555,19.163,1337,180,14,50,46,13
34.077,119.509,1202,711,31,0.026,0.169,0.000,0,2,890.874,231.952,16.824,2.103,0.636,2.118,879.742,234.484,16.548,877,219,14,28,23,7
7.258,34.969,256,185,74,0.289,0.693,0.000,0,4,1381.930,260.293,16.137,1.155,0.395,1.120,1379.649,258.932,15.635,1378,253,14,11,16,5
2.013,11.855,71,51,0,0.000,0.000,0.000,0,0,1385.592,274.028,15.577,0.729,0.157,0.672,NaN,NaN,NaN,1383,272,14,6,5,4
0.312,3.481,11,11,4,0.364,0.505,0.000,0,1,464.000,342.818,14.364,0.348,0.073,0.355,464.250,342.750,14.500,463,342,14,3,3,2
126.157,310.297,4450,1839,453,0.102,0.405,0.000,0,5,1331.320,440.865,21.197,3.721,1.450,3.680,1325.424,438.876,20.466,1306,428,14,56,27,15
4.366,21.940,154,96,34,0.221,0.539,0.000,0,3,880.922,630.383,17.195,1.035,0.311,1.018,882.882,630.147,18.235,877,628,14,8,6,7
0.340,3.481,12,12,0,0.000,0.000,0.000,0,0,781.667,670.000,14.417,0.356,0.058,0.357,NaN,NaN,NaN,781,669,14,3,3,2
641.929,1223.578,22643,6546,13549,0.598,2.727,0.000,0,86,1452.595,767.113,29.392,5.897,1.848,6.008,1464.741,774.513,28.407,1423,738,14,67,55,34
39.066,125.607,1378,644,89,0.065,0.359,0.000,0,5,1492.410,881.999,23.208,3.166,1.423,3.248,1499.247,874.202,16.157,1482,868,14,22,24,18
0.879,7.668,31,29,0,0.000,0.000,0.000,0,0,1169.194,946.677,15.194,0.525,0.170,0.528,NaN,NaN,NaN,1167,945,14,5,4,3
11.085,44.397,391,247,551,1.409,1.038,1.000,0,5,91.826,6.545,17.028,1.443,0.469,1.458,92.089,7.926,17.270,87,0,15,9,18,6
1.304,10.539,46,45,6,0.130,0.341,0.000,0,1,606.435,0.435,16.761,0.727,0.304,0.712,606.833,0.833,15.500,604,0,15,6,3,5
2.353,16.389,83,72,71,0.855,0.798,1.000,0,3,649.819,0.651,17.410,0.880,0.333,0.898,650.282,0.465,17.859,646,0,15,9,3,6
1086.967,1617.458,38341,9939,4380,0.114,0.491,0.000,0,12,360.746,36.816,30.764,9.260,3.573,9.390,375.098,47.931,28.785,300,0,15,127,82,38
167.463,416.499,5907,2358,1854805,314.001,734.490,10.000,0,3517,13.330,82.468,26.642,4.370,1.648,4.197,12.360,99.101,19.917,0,65,15,39,44,22
5.698,23.663,201,126,36920,183.682,149.650,142.000,4,552,302.846,135.507,17.303,1.036,0.203,1.011,302.620,137.078,17.086,300,131,15,8,9,6
2.240,13.268,79,60,9378,118.709,49.164,112.000,34,213,309.481,142.392,16.823,0.737,0.159,0.734,309.225,142.670,16.668,307,140,15,6,6,4
1.701,10.343,60,49,204,3.400,5.840,1.000,0,29,1396.333,260.633,17.033,0.640,0.125,0.652,1397.564,261.392,17.480,1394,258,15,5,6,4
0.085,1.312,3,3,0,0.000,0.000,0.000,0,0,1508.667,380.333,15.000,0.147,0.036,0.168,NaN,NaN,NaN,1508,380,15,2,2,1
2.665,14.130,94,77,0,0.000,0.000,0.000,0,0,1495.479,433.766,16.128,0.745,0.178,0.750,NaN,NaN,NaN,1492,431,15,9,7,3
4.366,22.705,154,108,0,0.000,0.000,0.000,0,0,1488.006,441.370,17.208,0.960,0.293,0.959,NaN,NaN,NaN,1483,438,15,10,9,5
0.822,7.414,29,27,0,0.000,0.000,0.000,0,0,736.276,621.345,16.069,0.553,0.168,0.600,NaN,NaN,NaN,734,620,15,5,4,3
15.082,54.137,532,281,297,0.558,2.064,0.000,0,26,1423.006,817.233,18.353,1.463,0.280,1.482,1420.424,818.576,18.781,1417,812,15,15,14,7
59.677,158.439,2105,799,657,0.312,0.680,0.000,0,6,1331.409,855.252,24.343,2.961,1.261,2.821,1333.046,853.356,28.038,1320,848,15,21,15,20
71.612,168.445,2526,878,376,0.149,0.870,0.000,0,24,1458.002,865.105,23.857,3.261,1.267,3.291,1462.431,863.003,22.785,1447,854,15,21,21,20
0.737,5.348,26,26,0,0.000,0.000,0.000,0,0,1123.385,79.385,16.500,0.419,0.070,0.441,NaN,NaN,NaN,1122,78,16,4,4,2
0.085,1.312,3,3,0,0.000,0.000,0.000,0,0,856.333,213.667,16.000,0.147,0.036,0.168,NaN,NaN,NaN,856,213,16,2,2,1
1.474,10.798,52,49,0,0.000,0.000,0.000,0,0,1395.462,254.692,17.519,0.632,0.227,0.635,NaN,NaN,NaN,1392,253,16,9,4,4
16.698,57.233,589,351,2,0.003,0.058,0.000,0,1,1414.256,270.170,17.874,1.494,0.363,1.473,1418.500,277.500,16.500,1406,262,16,17,19,5
53.411,175.422,1884,1030,271,0.144,0.566,0.000,0,5,1469.248,284.199,19.614,2.422,0.904,2.341,1467.845,283.694,19.926,1455,269,16,35,30,8
22.056,86.578,778,451,1413,1.816,4.011,0.000,0,48,1005.019,316.235,19.157,2.154,0.677,2.078,1011.749,318.498,19.766,995,301,16,22,25,7
201.455,433.209,7106,2275,1728,0.243,0.667,0.000,0,7,1247.766,421.369,30.184,4.443,1.566,4.614,1250.885,422.648,30.598,1223,410,16,51,26,26
0.907,6.710,32,28,0,0.000,0.000,0.000,0,0,1507.688,438.531,17.250,0.517,0.125,0.500,NaN,NaN,NaN,1506,437,16,4,4,3
0.850,6.356,30,27,0,0.000,0.000,0.000,0,0,1474.100,442.533,17.033,0.522,0.143,0.589,NaN,NaN,NaN,1473,441,16,4,4,3
14.742,49.075,520,246,356,0.685,1.692,0.000,0,14,458.387,512.396,20.362,1.631,0.493,1.595,457.497,509.941,21.888,453,509,16,13,8,9
0.028,0.605,1,1,0,0.000,0.000,0.000,0,0,836.000,576.000,16.000,0.000,0.000,0.000,NaN,NaN,NaN,836,576,16,1,1,1
5.188,22.151,183,117,21300,116.393,20.091,120.000,71,158,41.699,829.557,17.842,0.963,0.145,0.944,41.828,829.561,17.821,38,826,16,8,9,5
123.975,324.574,4373,1706,1668955,381.650,798.959,9.000,0,3560,118.977,79.596,33.011,5.462,2.578,5.128,116.412,78.308,46.313,106,71,17,29,22,37
14.175,49.430,500,233,106879,213.758,141.929,178.500,16,617,275.870,218.812,21.090,1.636,0.506,1.540,276.080,219.298,21.772,271,214,17,11,11,10
8.363,33.151,295,184,0,0.000,0.000,0.000,0,0,1387.647,222.532,19.732,1.214,0.292,1.224,NaN,NaN,NaN,1379,219,17,17,8,6
0.057,0.959,2,2,0,0.000,0.000,0.000,0,0,734.500,263.000,17.000,0.112,0.000,0.112,NaN,NaN,NaN,734,263,17,2,1,1
7.002,35.174,247,187,0,0.000,0.000,0.000,0,0,1484.660,450.219,19.393,1.359,0.509,1.378,NaN,NaN,NaN,1477,444,17,17,13,6
0.936,7.265,33,28,0,0.000,0.000,0.000,0,0,719.818,569.030,17.879,0.528,0.116,0.533,NaN,NaN,NaN,718,567,17,5,5,3
3.544,17.910,125,84,1,0.008,0.089,0.000,0,1,721.952,604.456,18.984,0.914,0.244,0.828,718.000,605.000,18.000,717,602,17,9,6,5
39.378,95.137,1389,516,989,0.712,1.335,0.000,0,17,1065.600,680.206,22.343,2.326,0.653,2.324,1063.006,679.677,22.081,1057,674,17,16,17,12
3.317,16.297,117,79,35074,299.778,50.613,304.000,195,390,117.863,913.786,18.496,0.841,0.123,0.861,118.042,913.919,18.539,115,911,17,7,7,4
0.198,2.473,7,7,9,1.286,0.488,1.000,1,2,1156.286,947.286,17.000,0.255,0.125,0.227,1156.000,947.111,17.000,1155,946,17,4,3,1
536.665,787.703,18930,5011,3226,0.170,0.590,0.000,0,15,456.154,90.267,30.862,5.984,2.249,5.765,453.952,88.203,33.955,420,68,18,67,45,30
16.500,54.722,582,264,43,0.074,0.262,0.000,0,1,287.790,230.854,23.349,1.818,0.677,1.679,287.837,233.744,20.302,283,226,18,10,12,12
15.507,53.361,547,250,0,0.000,0.000,0.000,0,0,298.408,241.934,22.289,1.694,0.531,1.659,NaN,NaN,NaN,294,237,18,11,11,10
15.281,46.973,539,249,300419,557.364,215.702,557.000,135,1042,216.980,263.150,20.898,1.500,0.262,1.462,217.516,263.048,20.570,211,258,18,14,11,7
3.771,19.123,133,93,34,0.256,0.438,0.000,0,1,1495.797,298.977,19.699,0.873,0.173,0.872,1494.177,298.441,19.265,1491,296,18,10,7,4
0.113,1.665,4,4,0,0.000,0.000,0.000,0,0,1349.000,439.250,18.000,0.172,0.083,0.200,NaN,NaN,NaN,1348,439,18,3,2,1
1.616,10.442,57,45,0,0.000,0.000,0.000,0,0,1510.842,450.105,19.789,0.674,0.173,0.681,NaN,NaN,NaN,1508,448,18,6,5,4
6.804,28.451,240,140,1,0.004,0.065,0.000,0,1,588.804,561.621,20.775,1.228,0.387,1.154,585.000,563.000,21.000,585,558,18,9,8,7
13.750,45.162,485,258,158,0.326,0.527,0.000,0,2,1258.140,827.188,20.738,1.376,0.230,1.383,1259.892,829.481,20.513,1252,821,18,14,13,6
112.691,271.530,3975,1378,519,0.131,0.561,0.000,0,7,1429.730,905.578,28.600,3.570,1.314,3.528,1432.907,911.898,29.291,1415,890,18,30,32,22
1.219,7.972,43,36,19873,462.163,48.366,457.000,367,540,192.302,1032.372,18.814,0.569,0.110,0.557,192.356,1032.356,18.871,190,1030,18,5,5,3
47.174,97.673,1664,543,76,0.046,0.246,0.000,0,3,689.407,78.021,23.927,2.288,0.436,2.256,691.316,79.592,27.711,681,71,19,18,16,11
0.425,4.039,15,15,249,16.600,5.289,16.000,9,25,335.667,145.933,19.000,0.357,0.154,0.366,335.317,146.157,19.000,334,144,19,5,5,1
315.139,578.907,11116,3060,5481,0.493,1.627,0.000,0,21,865.239,163.202,31.010,4.703,1.741,4.870,861.895,161.101,30.200,844,134,19,50,57,22
158.165,303.697,5579,1594,1198,0.215,0.508,0.000,0,4,957.250,254.331,27.868,3.957,1.250,3.900,951.761,250.142,26.988,938,237,19,43,35,18
2.608,14.780,92,62,1,0.011,0.104,0.000,0,1,1499.380,284.576,21.207,0.815,0.198,0.763,1502.000,286.000,21.000,1497,282,19,6,6,5
117.738,354.673,4153,2254,998,0.240,0.720,0.000,0,8,1541.407,292.683,23.183,3.452,1.297,3.529,1540.540,291.015,23.511,1517,273,19,52,39,9
13.920,59.445,491,335,14,0.029,0.167,0.000,0,1,1113.640,400.446,21.055,1.499,0.530,1.509,1115.571,405.857,21.714,1102,396,19,23,12,6
1.729,10.694,61,48,2,0.033,0.180,0.000,0,1,640.229,435.475,20.574,0.704,0.195,0.698,642.000,434.500,22.000,638,434,19,6,4,4
1.219,10.040,43,37,0,0.000,0.000,0.000,0,0,647.093,586.372,20.907,0.658,0.225,0.628,NaN,NaN,NaN,645,583,19,5,7,5
22.680,62.302,800,327,150,0.188,0.495,0.000,0,4,1039.621,668.895,23.647,1.763,0.353,1.724,1036.220,669.600,23.447,1034,663,19,14,13,10
8.023,32.690,283,160,1099,3.883,2.168,3.000,1,12,95.060,111.671,23.057,1.240,0.309,1.238,95.277,111.810,22.525,92,106,20,8,12,7
0.936,6.912,33,31,0,0.000,0.000,0.000,0,0,573.515,219.061,20.606,0.478,0.120,0.471,NaN,NaN,NaN,572,217,20,4,5,3
4.876,27.947,172,118,0,0.000,0.000,0.000,0,0,1468.547,262.140,21.924,1.084,0.321,1.130,NaN,NaN,NaN,1464,256,20,9,13,5
4.593,21.744,162,101,14,0.086,0.282,0.000,0,1,1481.438,269.389,21.932,0.987,0.215,1.009,1483.714,270.286,22.071,1477,266,20,10,7,5
152.183,421.388,5368,2911,297,0.055,0.267,0.000,0,3,734.975,323.730,25.135,3.719,1.391,3.763,742.417,329.212,25.865,706,302,20,54,44,10
0.028,0.605,1,1,0,0.000,0.000,0.000,0,0,624.000,446.000,20.000,0.000,0.000,0.000,NaN,NaN,NaN,624,446,20,1,1,1
299.801,501.134,10575,3758,1786,0.169,0.528,0.000,0,7,1139.959,34.873,28.478,4.404,1.588,4.431,1138.311,33.215,29.402,1107,10,21,60,51,15
8.817,34.657,311,165,73,0.235,0.727,0.000,0,4,159.466,189.019,23.926,1.305,0.339,1.232,163.384,187.260,25.178,155,185,21,10,10,7
0.794,6.608,28,25,2,0.071,0.262,0.000,0,1,476.714,310.500,21.714,0.504,0.140,0.472,476.500,309.000,22.000,475,309,21,4,4,3
0.822,6.356,29,26,0,0.000,0.000,0.000,0,0,1345.655,802.586,21.690,0.498,0.133,0.486,NaN,NaN,NaN,1344,801,21,4,4,3
67.218,140.272,2371,756,186,0.078,0.327,0.000,0,4,1409.532,914.196,31.379,3.081,1.185,2.900,1409.624,909.280,32.290,1401,904,21,17,20,19
26.791,74.063,945,397,50590,53.534,44.650,40.000,8,284,215.848,1048.485,25.676,1.937,0.489,1.917,214.945,1050.206,24.354,209,1042,21,17,16,10
1.134,8.375,40,35,12446,311.150,52.012,306.500,213,410,255.625,1067.200,22.325,0.569,0.160,0.534,255.535,1067.353,22.325,254,1065,21,4,5,4
8.250,32.735,291,160,103508,355.698,181.001,331.000,66,801,196.718,3.216,25.330,1.304,0.358,1.279,197.262,3.730,24.802,193,0,22,9,8,8
178.548,530.162,6298,3253,501,0.080,0.327,0.000,0,4,1244.541,98.803,28.416,4.996,2.094,4.809,1247.060,95.922,29.844,1209,76,22,73,50,15
0.057,0.959,2,2,0,0.000,0.000,0.000,0,0,1293.500,136.000,22.000,0.112,0.000,0.112,NaN,NaN,NaN,1293,136,22,2,1,1
2.750,14.531,97,68,0,0.000,0.000,0.000,0,0,1365.041,183.175,24.289,0.797,0.165,0.779,NaN,NaN,NaN,1362,181,22,7,6,5
199.527,318.049,7038,2026,1250,0.178,0.475,0.000,0,6,1587.231,287.693,29.038,3.615,0.730,3.664,1589.737,288.871,30.828,1570,268,22,30,44,16
194.112,284.171,6847,2007,1000,0.146,0.428,0.000,0,3,644.595,310.075,28.597,3.782,1.072,3.614,644.802,304.598,27.673,631,284,22,30,50,13
384.284,559.919,13555,4525,3313,0.244,0.684,0.000,0,8,877.565,330.497,27.487,5.090,2.017,4.871,879.829,329.471,27.346,849,297,22,61,70,12
1.673,11.248,59,47,0,0.000,0.000,0.000,0,0,554.593,534.000,23.610,0.733,0.265,0.669,NaN,NaN,NaN,553,532,22,4,6,5
0.369,3.481,13,13,0,0.000,0.000,0.000,0,0,738.000,658.385,22.462,0.357,0.043,0.370,NaN,NaN,NaN,737,657,22,3,3,2
0.113,1.816,4,4,0,0.000,0.000,0.000,0,0,1345.250,796.500,22.750,0.265,0.119,0.217,NaN,NaN,NaN,1345,796,22,2,2,2
8.136,36.322,287,179,2013,7.014,14.204,2.000,0,80,1019.721,885.861,25.544,1.315,0.501,1.221,1015.676,885.461,24.447,1013,882,22,13,9,9
80.401,172.067,2836,931,511,0.180,0.446,0.000,0,3,1390.668,920.054,31.385,3.200,1.205,3.075,1389.417,920.206,30.068,1381,907,22,18,25,19
105.689,177.962,3728,1088,18117,4.860,7.068,2.000,0,68,434.753,110.400,29.354,2.988,0.562,3.037,435.430,111.587,29.257,419,101,23,34,19,13
153.033,364.862,5398,2594,1009,0.187,0.467,0.000,0,4,954.846,301.285,29.390,3.586,1.234,3.599,955.107,300.774,30.190,934,278,23,41,47,13
30.958,90.799,1092,586,290,0.266,0.760,0.000,0,6,841.224,358.471,25.950,1.896,0.597,1.897,838.621,356.179,26.241,832,349,23,22,21,7
5.443,30.877,192,143,0,0.000,0.000,0.000,0,0,505.708,465.094,25.469,1.126,0.368,1.119,NaN,NaN,NaN,501,462,23,11,9,6
56.927,173.503,2008,1045,453,0.226,0.557,0.000,0,4,1478.366,471.181,27.650,2.712,1.028,2.731,1480.651,472.305,28.108,1457,464,23,43,16,11
121.253,327.538,4277,1769,12696,2.968,15.676,0.000,0,211,1461.674,801.964,31.150,3.853,1.298,3.789,1448.972,801.807,26.156,1442,784,23,51,35,20
2.750,17.050,97,68,2,0.021,0.143,0.000,0,1,782.567,821.866,25.722,0.861,0.251,0.838,779.000,819.500,26.000,779,818,23,8,8,6
1.361,8.429,48,48,0,0.000,0.000,0.000,0,0,1432.938,830.750,23.521,0.515,0.124,0.533,NaN,NaN,NaN,1431,828,23,5,7,2
0.397,4.237,14,13,0,0.000,0.000,0.000,0,0,1496.214,855.929,24.071,0.436,0.176,0.522,NaN,NaN,NaN,1495,855,23,3,3,3
15.451,49.241,545,291,66,0.121,0.383,0.000,0,2,659.611,3.822,27.521,1.487,0.326,1.469,664.318,2.803,26.242,654,0,24,13,12,8
14.912,56.842,526,293,281632,535.422,351.485,467.500,24,1654,2.217,56.584,29.570,1.771,0.641,1.745,2.657,56.598,30.004,0,48,24,9,16,11
0.340,3.582,12,12,3,0.250,0.452,0.000,0,1,1288.333,126.667,24.417,0.358,0.067,0.367,1288.333,127.667,24.333,1287,125,24,3,4,2
3.317,19.676,117,92,9,0.077,0.268,0.000,0,1,1303.769,132.077,25.923,0.895,0.289,0.889,1300.444,129.222,26.333,1300,127,24,9,9,5
0.765,5.902,27,25,0,0.000,0.000,0.000,0,0,805.630,325.111,25.222,0.498,0.147,0.500,NaN,NaN,NaN,804,324,24,4,3,3
2.637,13.723,93,66,3,0.032,0.178,0.000,0,1,810.742,328.763,25.430,0.792,0.152,0.826,811.000,331.000,26.000,808,326,24,6,6,4
63.306,226.448,2233,1331,206,0.092,0.383,0.000,0,5,804.985,346.883,27.224,2.962,1.123,3.033,795.655,350.563,27.995,788,329,24,44,36,8
230.627,552.515,8135,3159,2200,0.270,0.805,0.000,0,9,1544.852,477.828,37.977,6.113,2.515,6.107,1549.352,475.445,35.218,1502,450,24,83,41,28
0.057,0.959,2,2,0,0.000,0.000,0.000,0,0,909.500,651.000,24.000,0.112,0.000,0.112,NaN,NaN,NaN,909,651,24,2,1,1
29.711,82.130,1048,426,1726,1.647,3.121,1.000,0,38,1351.386,834.906,29.422,2.022,0.538,2.009,1352.051,835.331,30.794,1343,828,24,17,14,12
3.827,22.903,135,108,125,0.926,0.606,1.000,0,2,1294.074,843.407,26.333,1.044,0.429,1.016,1295.320,843.448,26.216,1287,842,24,15,5,6
105.887,276.601,3735,1469,179409,48.035,56.726,32.000,0,610,90.997,60.345,38.182,4.049,1.705,4.052,85.371,58.806,42.137,73,47,25,39,30,27
1.247,8.375,44,38,0,0.000,0.000,0.000,0,0,265.045,131.295,25.955,0.588,0.126,0.606,NaN,NaN,NaN,263,129,25,5,5,3
0.085,1.312,3,3,82,27.333,6.506,27.000,21,34,360.667,312.333,25.000,0.147,0.036,0.168,360.585,312.256,25.000,360,312,25,2,2,1
282.026,474.939,9948,3073,20926,2.104,8.128,0.000,0,140,675.126,380.991,34.515,5.032,1.939,5.062,668.265,369.308,31.262,644,356,25,57,59,19
0.028,0.605,1,1,0,0.000,0.000,0.000,0,0,621.000,542.000,25.000,0.000,0.000,0.000,NaN,NaN,NaN,621,542,25,1,1,1
17.832,53.028,629,304,448,0.712,1.337,0.000,0,8,1025.041,663.887,27.797,1.563,0.271,1.577,1028.105,663.714,27.877,1018,659,25,15,12,7
7.258,28.559,256,156,22,0.086,0.332,0.000,0,2,1263.043,792.129,27.316,1.120,0.220,1.114,1265.364,790.409,27.545,1256,789,25,13,8,5
0.028,0.605,1,1,0,0.000,0.000,0.000,0,0,1250.000,822.000,25.000,0.000,0.000,0.000,NaN,NaN,NaN,1250,822,25,1,1,1
107.560,267.508,3794,1392,365,0.096,0.379,0.000,0,5,1432.076,855.118,34.255,3.676,1.237,3.741,1434.310,855.063,33.986,1411,840,25,40,27,20
167.747,325.872,5917,2502,3284,0.555,1.764,0.000,0,30,1516.296,237.136,29.996,3.638,1.438,3.528,1513.309,232.014,30.623,1491,216,26,55,40,10
0.369,4.237,13,13,0,0.000,0.000,0.000,0,0,305.231,248.692,27.231,0.415,0.182,0.439,NaN,NaN,NaN,304,248,26,3,3,3
444.783,687.511,15689,3881,9388,0.598,1.977,0.000,0,51,568.968,279.450,40.724,5.819,2.056,5.904,565.133,277.606,38.191,553,249,26,38,61,32
2.240,12.460,79,61,27,0.342,0.658,0.000,0,3,1596.392,312.544,27.608,0.756,0.182,0.762,1596.926,311.259,28.519,1594,310,26,6,6,4
11.737,46.228,414,273,144,0.348,0.736,0.000,0,3,822.819,366.889,28.362,1.367,0.472,1.259,820.299,361.896,27.833,817,355,26,12,20,5
164.572,394.740,5805,2984,1918,0.330,0.915,0.000,0,9,776.994,396.497,30.290,3.585,1.252,3.713,776.517,387.084,28.897,755,374,26,50,46,9
2.325,15.993,82,66,0,0.000,0.000,0.000,0,0,664.329,414.695,27.463,0.847,0.286,0.879,NaN,NaN,NaN,658,412,26,12,6,4
7.144,33.498,252,164,25,0.099,0.392,0.000,0,4,893.635,774.278,28.222,1.218,0.375,1.208,896.800,775.280,29.480,884,770,26,16,10,6
17.435,51.313,615,281,30,0.049,0.216,0.000,0,1,1412.662,807.055,29.063,1.570,0.279,1.579,1411.467,805.333,29.967,1407,800,26,12,15,7
1.984,13.169,70,58,1,0.014,0.120,0.000,0,1,1278.557,857.514,27.529,0.678,0.186,0.646,1282.000,856.000,27.000,1276,855,26,7,7,4
0.227,3.177,8,8,0,0.000,0.000,0.000,0,0,684.500,0.000,28.000,0.419,0.226,0.454,NaN,NaN,NaN,683,0,27,4,1,3
0.567,5.297,20,18,3721,186.050,63.780,191.000,82,305,172.250,86.850,27.850,0.476,0.156,0.511,172.218,87.017,27.651,171,86,27,4,3,3
33.935,107.643,1197,646,443,0.370,1.137,0.000,0,11,375.013,142.525,30.704,2.069,0.708,1.888,371.445,144.926,30.406,363,129,27,20,27,7
0.028,0.605,1,1,0,0.000,0.000,0.000,0,0,327.000,181.000,27.000,0.000,0.000,0.000,NaN,NaN,NaN,327,181,27,1,1,1
1.446,11.047,51,46,58,1.137,0.664,1.000,0,3,522.745,531.863,29.098,0.822,0.370,0.774,522.810,531.552,29.121,521,529,27,4,7,5
75.354,179.079,2658,947,311,0.117,0.476,0.000,0,8,1393.445,826.675,38.450,3.410,1.453,3.311,1397.116,828.920,40.878,1384,814,27,22,24,22
0.085,1.312,3,3,3,1.000,0.000,1.000,1,1,1310.667,848.667,27.000,0.147,0.036,0.168,1310.667,848.667,27.000,1310,848,27,2,2,1
16.131,63.859,569,307,49,0.086,0.293,0.000,0,2,766.313,53.991,32.482,1.753,0.567,1.711,768.122,55.857,30.939,757,48,28,21,15,9
141.041,291.783,4975,2028,3179,0.639,1.409,0.000,0,14,330.597,90.393,34.679,3.694,1.346,3.833,327.969,92.673,33.844,312,68,28,35,45,18
6.209,28.505,219,143,844,3.854,9.611,1.000,0,78,95.790,165.895,30.406,1.144,0.352,1.087,94.128,162.836,30.347,93,160,28,6,16,6
408.212,731.761,14399,4216,4753,0.330,0.673,0.000,0,7,540.730,221.825,42.054,6.179,2.377,5.986,542.406,222.307,39.645,521,179,28,35,85,30
5.812,26.237,205,132,10,0.049,0.216,0.000,0,1,581.098,549.078,29.917,1.045,0.217,1.096,581.100,551.700,30.400,576,545,28,11,9,5
0.085,1.312,3,3,0,0.000,0.000,0.000,0,0,729.667,573.667,28.000,0.147,0.036,0.168,NaN,NaN,NaN,729,573,28,2,2,1
0.085,1.462,3,3,0,0.000,0.000,0.000,0,0,685.667,615.000,28.667,0.274,0.095,0.239,NaN,NaN,NaN,685,615,28,2,1,2
0.312,3.481,11,11,1,0.091,0.302,0.000,0,1,817.545,643.636,28.364,0.357,0.083,0.386,819.000,644.000,29.000,816,643,28,4,2,2
163.154,354.535,5755,1903,2304,0.400,1.535,0.000,0,24,1420.126,817.284,40.780,4.305,1.867,3.906,1423.390,818.054,37.848,1394,805,28,50,26,26
129.900,280.714,4582,1335,991,0.216,0.491,0.000,0,4,810.993,97.302,36.121,3.697,1.091,3.805,813.630,101.390,35.597,793,80,29,37,38,16
139.680,241.010,4927,1991,686,0.139,0.417,0.000,0,4,451.381,161.767,33.375,3.121,0.859,3.127,452.834,163.407,32.322,433,139,29,36,41,10
0.227,3.177,8,8,10,1.250,0.707,1.000,0,2,101.875,171.250,30.000,0.377,0.219,0.423,101.800,171.000,30.200,101,170,29,2,3,3
224.617,392.063,7923,3000,979,0.124,0.423,0.000,0,8,949.782,430.354,33.608,3.802,1.382,3.750,949.526,430.380,34.274,926,406,29,48,50,10
7.995,33.140,282,165,103,0.365,0.838,0.000,0,5,611.879,589.479,32.493,1.235,0.326,1.229,612.155,591.573,30.544,608,584,29,8,11,7
0.709,6.356,25,23,0,0.000,0.000,0.000,0,0,1342.480,716.720,29.760,0.504,0.154,0.470,NaN,NaN,NaN,1341,715,29,4,4,3
0.113,1.816,4,4,0,0.000,0.000,0.000,0,0,1341.500,799.750,29.750,0.265,0.119,0.217,NaN,NaN,NaN,1341,799,29,2,2,2
20.128,60.946,710,327,579,0.815,1.281,0.000,0,8,1330.656,814.273,32.679,1.641,0.300,1.651,1329.803,813.865,33.924,1323,807,29,16,14,8
14.260,45.200,503,236,64,0.127,0.404,0.000,0,3,1143.825,815.728,32.117,1.528,0.352,1.518,1146.781,813.547,32.766,1138,812,29,13,9,8
0.227,2.421,8,8,0,0.000,0.000,0.000,0,0,1220.500,849.500,29.500,0.322,0.000,0.322,NaN,NaN,NaN,1220,849,29,2,2,2
9.185,39.496,324,179,234,0.722,1.240,0.000,0,9,1474.043,884.497,33.006,1.612,0.667,1.601,1473.509,886.141,32.205,1468,881,29,12,8,10
0.028,0.605,1,1,67,67.000,0.000,67.000,67,67,426.000,383.000,30.000,0.000,0.000,0.000,426.000,383.000,30.000,426,383,30,1,1,1
0.227,2.774,8,8,0,0.000,0.000,0.000,0,0,589.250,436.875,30.625,0.331,0.070,0.334,NaN,NaN,NaN,589,436,30,2,3,2
0.340,3.985,12,11,0,0.000,0.000,0.000,0,0,583.000,446.250,31.250,0.386,0.139,0.314,NaN,NaN,NaN,582,445,30,3,3,3
41.561,121.897,1466,668,264,0.180,0.770,0.000,0,11,1270.224,884.975,37.099,3.154,1.469,3.208,1272.189,882.992,33.848,1258,877,30,24,17,18
19.703,58.594,695,371,1,0.001,0.038,0.000,0,1,1194.317,897.239,33.003,1.531,0.317,1.520,1198.000,893.000,31.000,1187,890,30,17,16,7
50.094,158.290,1767,916,1024,0.580,1.500,0.000,0,13,1567.833,1018.843,33.862,2.184,0.646,2.255,1562.847,1017.431,33.053,1556,1004,30,27,30,8
0.028,0.605,1,1,86,86.000,0.000,86.000,86,86,147.000,103.000,31.000,0.000,0.000,0.000,147.000,103.000,31.000,147,103,31,1,1,1
310.716,467.192,10960,3153,5252,0.479,1.300,0.000,0,18,424.091,222.024,39.677,4.404,1.368,4.427,427.181,220.826,38.131,390,209,31,65,37,17
19.760,62.041,697,298,1225,1.758,1.826,1.000,0,10,428.185,249.792,35.527,1.794,0.478,1.798,427.883,249.050,35.075,421,245,31,14,12,10
215.715,469.896,7609,3304,2394,0.315,0.657,0.000,0,5,1008.667,387.329,36.923,4.053,1.370,4.023,1006.325,380.580,37.404,989,358,31,43,59,13
283.500,611.962,10000,4314,8027,0.803,1.336,0.000,0,17,910.409,509.661,37.036,4.685,1.671,4.791,905.707,506.600,36.696,880,479,31,63,57,13
1.531,11.549,54,41,567,10.500,5.958,10.000,1,25,520.926,507.370,32.981,0.771,0.307,0.692,520.614,507.787,32.951,519,505,31,5,5,5
24.183,79.297,853,400,7718,9.048,12.022,4.000,0,69,942.026,581.769,34.594,1.951,0.572,2.007,943.273,582.199,36.431,932,576,31,25,14,9
53.185,182.170,1876,928,3437712,1832.469,1373.175,1859.500,4,4068,1307.688,847.846,38.946,2.825,1.098,2.859,1310.582,850.048,40.340,1292,833,31,32,28,17
0.397,3.582,14,14,0,0.000,0.000,0.000,0,0,1370.714,856.071,31.571,0.362,0.053,0.367,NaN,NaN,NaN,1370,855,31,3,3,2
26.252,85.514,926,451,0,0.000,0.000,0.000,0,0,1545.538,961.301,34.718,1.847,0.627,1.913,NaN,NaN,NaN,1536,952,31,21,17,9
346.154,545.397,12210,3591,2156,0.177,0.509,0.000,0,9,1572.491,1187.400,39.564,4.674,1.607,4.771,1573.262,1185.379,38.887,1537,1172,31,63,28,19
0.170,2.522,6,6,1411,235.167,105.481,225.500,104,369,0.000,7.000,32.167,0.328,0.157,0.352,0.000,7.483,32.108,0,5,32,1,5,2
0.113,1.413,4,4,67,16.750,1.500,17.000,15,18,139.500,72.500,32.000,0.159,0.000,0.159,139.537,72.507,32.000,139,72,32,2,2,1
306.322,431.339,10805,3156,3060,0.283,0.660,0.000,0,6,495.754,165.045,39.953,4.258,1.144,4.328,491.143,162.729,38.991,475,139,32,42,54,17
0.028,0.605,1,1,0,0.000,0.000,0.000,0,0,355.000,167.000,32.000,0.000,0.000,0.000,NaN,NaN,NaN,355,167,32,1,1,1
7.371,30.017,260,148,106,0.408,0.677,0.000,0,4,395.704,230.138,34.454,1.153,0.226,1.131,397.519,231.094,33.509,391,226,32,11,9,6
785.125,1445.039,27694,8238,8346,0.301,0.824,0.000,0,21,1520.963,221.882,47.770,10.905,5.636,10.196,1527.051,224.462,46.370,1437,175,32,163,102,29
0.028,0.605,1,1,1,1.000,0.000,1.000,1,1,308.000,277.000,32.000,0.000,0.000,0.000,308.000,277.000,32.000,308,277,32,1,1,1
0.085,1.312,3,3,3,1.000,0.000,1.000,1,1,299.667,281.667,32.000,0.147,0.036,0.168,299.667,281.667,32.000,299,281,32,2,2,1
197.543,505.753,6968,3539,4235,0.608,1.731,0.000,0,26,851.768,508.108,36.692,3.891,1.458,3.858,852.968,513.864,37.313,823,482,32,53,52,11
8.732,34.922,308,202,9,0.029,0.169,0.000,0,1,676.120,541.838,33.714,1.182,0.316,1.175,675.778,542.000,32.111,670,535,32,15,14,4
1.446,13.320,51,49,0,0.000,0.000,0.000,0,0,678.118,673.176,33.235,0.816,0.400,0.805,NaN,NaN,NaN,675,668,32,9,10,4
14.685,46.323,518,261,58,0.112,0.583,0.000,0,6,1350.529,786.328,34.664,1.428,0.204,1.429,1345.569,786.190,33.690,1345,780,32,12,14,6
77.651,210.464,2739,1095,481,0.176,0.632,0.000,0,6,1135.790,806.013,44.306,3.606,1.534,3.640,1138.069,804.337,45.971,1124,792,32,27,27,24
9.356,42.883,330,203,15,0.045,0.236,0.000,0,2,1374.751,838.645,36.673,1.358,0.470,1.242,1371.867,840.200,36.400,1364,833,32,18,11,9
8.930,32.742,315,165,0,0.000,0.000,0.000,0,0,1539.352,934.210,34.467,1.258,0.242,1.223,NaN,NaN,NaN,1535,930,32,9,10,7
2.523,14.578,89,64,40,0.449,0.691,0.000,0,2,1550.854,1008.112,34.258,0.807,0.218,0.774,1549.075,1008.075,34.150,1548,1006,32,6,5,5
1.843,11.855,65,48,5,0.077,0.269,0.000,0,1,1542.015,1024.585,33.354,0.705,0.175,0.716,1539.600,1025.200,33.400,1539,1023,32,7,4,4
14.203,45.207,501,244,152197,303.786,86.241,298.000,129,486,305.547,1101.096,35.405,1.472,0.300,1.441,305.841,1100.828,35.458,300,1095,32,12,12,8
30.306,84.308,1069,532,336,0.314,0.707,0.000,0,5,1135.021,2.931,37.441,2.113,0.725,2.066,1137.259,3.420,38.057,1122,0,33,26,9,11
0.085,1.463,3,3,65,21.667,3.055,21.000,19,25,158.000,55.333,33.333,0.274,0.095,0.239,158.000,55.292,33.323,158,55,33,1,2,2
0.057,0.959,2,2,164,82.000,7.071,82.000,77,87,164.000,58.500,33.000,0.112,0.000,0.112,164.000,58.470,33.000,164,58,33,1,2,1
5.755,26.638,203,126,0,0.000,0.000,0.000,0,0,1363.409,734.182,35.138,1.068,0.244,1.077,NaN,NaN,NaN,1358,730,33,10,10,6
0.340,3.632,12,12,0,0.000,0.000,0.000,0,0,958.500,746.833,34.167,0.392,0.185,0.391,NaN,NaN,NaN,958,746,33,2,3,3
4.593,20.592,162,121,1,0.006,0.079,0.000,0,1,895.728,754.259,34.907,0.879,0.180,0.872,897.000,759.000,35.000,892,749,33,8,11,4
8.959,34.409,316,173,0,0.000,0.000,0.000,0,0,1457.060,826.598,35.421,1.231,0.231,1.235,NaN,NaN,NaN,1451,821,33,13,10,6
74.617,200.526,2632,1143,183,0.070,0.341,0.000,0,5,1464.295,847.698,38.388,2.870,0.838,2.959,1459.350,848.940,38.918,1450,832,33,29,33,12
28.747,95.925,1014,519,210,0.207,0.737,0.000,0,7,1556.341,926.222,36.364,2.099,0.737,2.040,1558.571,937.700,37.186,1549,915,33,18,28,8
25.657,76.088,905,431,22,0.024,0.154,0.000,0,1,1554.403,949.461,35.971,1.852,0.461,1.787,1556.500,947.500,38.091,1547,939,33,17,21,8
3.459,20.635,122,96,0,0.000,0.000,0.000,0,0,1554.672,995.098,34.648,0.979,0.332,1.007,NaN,NaN,NaN,1549,992,33,13,7,4
0.369,3.884,13,13,0,0.000,0.000,0.000,0,0,1548.538,1018.769,33.923,0.410,0.197,0.530,NaN,NaN,NaN,1548,1018,33,2,3,3
0.737,6.759,26,22,0,0.000,0.000,0.000,0,0,1573.346,1032.769,34.500,0.526,0.190,0.447,NaN,NaN,NaN,1572,1031,33,4,4,4
0.879,7.364,31,25,0,0.000,0.000,0.000,0,0,1559.323,1039.581,34.710,0.584,0.206,0.513,NaN,NaN,NaN,1558,1038,33,4,4,4
4.196,21.193,148,116,8,0.054,0.255,0.000,0,2,658.919,2.581,36.068,0.938,0.286,0.900,656.500,0.500,36.375,655,0,34,9,8,5
1.474,9.590,52,52,701,13.481,5.869,13.000,4,26,111.404,40.558,34.577,0.587,0.188,0.577,111.683,40.197,34.572,108,39,34,8,5,2
0.255,2.875,9,9,10650,1183.333,136.463,1164.000,1038,1435,152.000,98.667,34.667,0.330,0.082,0.329,152.035,98.701,34.623,151,98,34,3,2,2
0.936,7.920,33,29,390,11.818,2.888,11.000,7,18,267.121,119.697,35.242,0.541,0.158,0.498,267.005,119.687,35.149,265,118,34,5,6,3
137.016,233.318,4833,1727,1524,0.315,0.804,0.000,0,9,504.981,210.233,38.687,3.074,0.711,3.171,506.145,209.890,38.921,488,194,34,33,31,12
2.807,15.289,99,75,13,0.131,0.339,0.000,0,1,194.707,218.202,35.172,0.777,0.172,0.749,197.462,217.615,34.462,191,216,34,8,6,4
1.503,10.091,53,46,73,1.377,0.686,1.000,0,3,406.226,235.057,35.321,0.599,0.162,0.587,406.137,235.603,35.397,404,232,34,5,7,4
1.644,11.603,58,50,0,0.000,0.000,0.000,0,0,914.603,754.828,35.431,0.698,0.234,0.664,NaN,NaN,NaN,911,752,34,7,6,4
0.113,1.816,4,4,0,0.000,0.000,0.000,0,0,831.750,758.500,34.750,0.265,0.119,0.217,NaN,NaN,NaN,831,758,34,2,2,2
23.984,76.680,846,367,28971,34.245,59.641,4.000,0,320,1279.696,829.378,39.663,2.169,0.846,2.132,1283.311,828.523,43.787,1271,822,34,17,14,14
11.652,48.330,411,239,113,0.275,0.567,0.000,0,3,1253.134,858.657,38.509,1.724,0.751,1.683,1254.504,858.947,39.664,1246,852,34,15,14,10
0.170,2.270,6,6,0,0.000,0.000,0.000,0,0,1558.167,1048.333,34.833,0.258,0.120,0.240,NaN,NaN,NaN,1557,1048,34,3,2,2
12.276,46.309,433,231,40,0.092,0.298,0.000,0,2,156.790,116.843,38.319,1.483,0.416,1.524,157.575,117.875,38.025,152,110,35,10,14,8
0.085,1.312,3,3,0,0.000,0.000,0.000,0,0,289.333,117.667,35.000,0.147,0.036,0.168,NaN,NaN,NaN,289,117,35,2,2,1
1.276,8.577,45,39,236,5.244,3.594,4.000,1,14,256.822,130.556,35.933,0.599,0.126,0.633,255.987,130.364,35.953,254,129,35,6,4,3
31.894,77.983,1125,532,20,0.018,0.132,0.000,0,1,476.864,136.676,37.803,1.830,0.355,1.876,475.650,137.400,36.850,468,127,35,18,19,7
138.320,312.959,4879,1715,264,0.054,0.281,0.000,0,4,170.881,181.113,42.885,3.597,1.169,3.502,176.508,166.731,41.360,156,152,35,33,48,16
6.832,33.145,241,160,702,2.913,2.382,2.000,0,10,472.846,351.710,37.946,1.375,0.535,1.349,472.912,353.717,38.769,470,344,35,7,15,8
100.416,191.139,3542,1274,1516,0.428,2.246,0.000,0,34,1536.750,893.425,40.101,2.836,0.652,2.868,1539.898,902.536,38.765,1521,879,35,30,28,12
0.057,0.959,2,2,8,4.000,0.000,4.000,4,4,1143.000,911.500,35.000,0.112,0.000,0.112,1143.000,911.500,35.000,1143,911,35,1,2,1
80.826,250.667,2851,1525,122,0.043,0.202,0.000,0,1,1494.133,978.044,39.732,2.933,1.115,3.015,1491.705,975.533,39.459,1481,956,35,27,44,10
0.198,2.421,7,7,917,131.000,7.118,131.000,123,141,135.571,1009.571,35.571,0.317,0.036,0.301,135.558,1009.593,35.565,135,1009,35,2,2,2
213.504,444.914,7531,3025,1400,0.186,0.945,0.000,0,22,1516.286,1096.374,40.945,4.084,1.544,3.789,1512.568,1089.624,41.341,1502,1065,35,30,64,13
0.057,1.109,2,2,0,0.000,0.000,0.000,0,0,662.000,12.000,36.500,0.280,0.000,0.280,NaN,NaN,NaN,662,12,36,1,1,2
107.503,194.953,3792,1295,1594,0.420,0.992,0.000,0,10,311.974,50.673,41.927,2.877,0.710,2.845,313.353,52.110,41.398,296,39,36,34,23,13
14.203,45.103,501,239,16,0.032,0.176,0.000,0,1,314.625,105.004,40.148,1.509,0.367,1.421,316.188,106.000,42.062,309,100,36,12,10,9
241.996,425.925,8536,2326,188,0.022,0.147,0.000,0,1,925.645,208.122,44.901,4.382,1.463,4.347,924.027,209.500,42.319,903,187,36,45,42,25
0.227,3.380,8,8,2,0.250,0.463,0.000,0,1,1020.250,653.625,36.625,0.368,0.105,0.363,1020.000,653.500,36.500,1019,653,36,4,3,2
3.799,18.866,134,88,2,0.015,0.122,0.000,0,1,1471.269,810.754,37.799,0.945,0.229,0.922,1468.000,812.500,36.000,1468,808,36,7,7,5
10.178,36.281,359,212,102084,284.357,74.904,296.000,92,412,302.972,1112.894,38.262,1.238,0.226,1.218,302.801,1113.400,38.375,298,1108,36,12,12,6
8.420,31.736,297,161,141,0.475,0.637,0.000,0,3,149.542,77.438,39.485,1.199,0.219,1.174,148.092,76.738,40.057,146,72,37,8,12,6
24.891,71.951,878,397,120,0.137,0.357,0.000,0,2,295.852,87.600,41.280,1.826,0.428,1.827,296.858,82.942,41.200,290,78,37,13,19,9
0.142,1.766,5,5,3,0.600,0.548,1.000,0,1,417.800,87.600,37.000,0.191,0.072,0.201,418.333,87.667,37.000,417,87,37,3,2,1
1.758,11.149,62,47,5,0.081,0.275,0.000,0,1,427.177,91.177,38.355,0.681,0.160,0.613,427.400,90.000,37.200,425,89,37,5,6,4
55.651,106.741,1963,733,808,0.412,0.939,0.000,0,7,1056.900,405.225,41.078,2.209,0.253,2.233,1058.916,405.095,42.050,1046,396,37,21,20,9
0.454,4.691,16,15,28,1.750,0.577,2.000,1,3,449.938,429.812,37.688,0.412,0.123,0.388,450.036,429.893,37.750,449,428,37,3,4,3
311.198,612.734,10977,4513,19879,1.811,5.396,0.000,0,79,1060.249,474.359,42.357,4.573,1.857,4.343,1075.201,492.550,42.560,1032,444,37,57,66,11
298.724,392.882,10537,3112,4256,0.404,0.943,0.000,0,14,1039.715,530.519,42.964,4.355,1.459,4.170,1042.434,533.414,43.574,1013,507,37,57,47,12
0.113,1.816,4,4,0,0.000,0.000,0.000,0,0,515.750,525.750,37.250,0.260,0.116,0.226,NaN,NaN,NaN,515,525,37,2,2,2
3.175,16.146,112,80,3143,28.062,22.405,21.500,3,106,723.652,608.500,38.491,0.824,0.154,0.860,722.468,607.788,38.424,720,606,37,8,6,4
7.428,31.271,262,142,0,0.000,0.000,0.000,0,0,709.672,627.542,40.454,1.309,0.433,1.165,NaN,NaN,NaN,706,624,37,9,8,8
0.397,4.590,14,13,44,3.143,0.949,3.000,2,5,700.286,633.143,37.929,0.437,0.188,0.525,700.273,633.295,37.864,699,632,37,3,3,3
4.990,21.598,176,113,0,0.000,0.000,0.000,0,0,774.358,677.295,39.386,0.956,0.149,0.943,NaN,NaN,NaN,771,673,37,8,9,5
4.621,24.880,163,131,0,0.000,0.000,0.000,0,0,912.080,705.368,38.988,0.997,0.360,0.939,NaN,NaN,NaN,908,700,37,10,13,6
2.665,15.588,94,68,464,4.936,2.903,4.000,1,14,1317.319,822.745,38.777,0.815,0.219,0.779,1317.608,822.931,39.200,1313,820,37,8,6,5
99.480,245.529,3509,1565,401,0.114,0.420,0.000,0,4,1485.264,1024.905,41.906,2.887,0.867,2.842,1478.928,1016.279,42.539,1467,1005,37,34,38,10
1.559,10.998,55,45,284,5.164,3.809,4.000,1,17,278.600,111.036,39.382,0.660,0.190,0.626,278.088,112.018,39.331,277,108,38,5,7,4
414.647,579.327,14626,3529,630,0.043,0.227,0.000,0,4,1045.782,343.568,46.737,5.530,2.166,5.219,1053.563,353.629,48.410,1017,308,38,59,70,18
51.285,129.365,1809,860,230,0.127,0.353,0.000,0,2,655.922,398.845,42.157,2.289,0.687,2.284,658.235,401.683,41.809,644,388,38,29,24,9
3.685,18.367,130,95,19,0.146,0.484,0.000,0,3,639.123,486.869,39.400,0.865,0.200,0.890,638.947,482.842,39.579,637,482,38,6,10,4
0.425,4.691,15,14,0,0.000,0.000,0.000,0,0,834.800,767.333,39.333,0.415,0.128,0.413,NaN,NaN,NaN,834,766,38,3,4,3
73.030,204.544,2576,1253,122,0.047,0.251,0.000,0,3,1484.384,939.868,41.567,2.664,0.922,2.444,1480.664,948.656,40.943,1469,918,38,29,40,9
5.273,27.540,186,118,132849,714.242,269.272,692.000,161,1224,113.812,30.145,41.532,1.135,0.361,1.075,114.187,30.396,41.102,109,27,39,12,7,7
4.649,22.498,164,101,0,0.000,0.000,0.000,0,0,305.159,113.195,41.537,1.035,0.279,0.990,NaN,NaN,NaN,302,110,39,8,8,6
571.139,888.685,20146,5284,19284,0.957,1.778,0.000,0,26,1571.190,196.972,52.270,5.725,1.865,5.846,1577.714,192.369,48.946,1538,164,39,62,63,22
2.835,15.642,100,78,104,1.040,0.953,1.000,0,4,394.180,244.030,41.080,0.790,0.208,0.751,394.038,244.769,41.096,391,242,39,9,6,5
1.021,8.372,36,31,0,0.000,0.000,0.000,0,0,468.778,342.972,40.944,0.634,0.289,0.603,NaN,NaN,NaN,467,341,39,4,4,5
3.374,19.877,119,93,36,0.303,0.776,0.000,0,5,442.319,454.050,41.176,0.892,0.248,0.883,444.000,457.222,40.028,439,450,39,8,9,5
48.138,160.738,1698,866,66,0.039,0.224,0.000,0,4,1431.659,475.956,45.456,2.795,1.078,2.863,1421.636,473.152,42.788,1411,470,39,42,13,13
0.255,3.078,9,9,0,0.000,0.000,0.000,0,0,699.778,743.889,39.889,0.293,0.131,0.273,NaN,NaN,NaN,698,743,39,4,3,2
34.899,78.973,1231,478,704,0.572,2.067,0.000,0,25,1457.406,870.210,42.141,1.941,0.209,1.914,1459.832,866.305,42.844,1449,862,39,17,17,8
0.142,1.766,5,5,0,0.000,0.000,0.000,0,0,1404.600,880.200,39.000,0.191,0.072,0.201,NaN,NaN,NaN,1404,879,39,2,3,1
47.770,150.631,1685,755,0,0.000,0.000,0.000,0,0,628.034,42.696,46.350,2.868,1.186,2.831,NaN,NaN,NaN,612,29,40,33,27,14
59.989,116.800,2116,673,15,0.007,0.084,0.000,0,1,389.673,116.742,46.073,2.455,0.429,2.465,389.800,113.133,42.200,380,109,40,21,17,13
1.191,8.476,42,37,1,0.024,0.154,0.000,0,1,295.857,238.857,41.071,0.584,0.139,0.602,298.000,240.000,41.000,294,237,40,5,5,3
406.822,824.030,14350,4523,13,9.059E-4,0.030,0.000,0,1,449.492,362.869,50.533,4.527,1.460,4.643,430.308,363.000,46.923,423,342,40,55,39,21
12.928,46.773,456,250,2408,5.281,8.124,2.000,0,46,880.294,561.612,43.158,1.456,0.349,1.459,881.485,560.526,41.471,874,554,40,14,14,8
389.983,644.510,13756,4712,8976,0.653,2.993,0.000,0,116,1081.299,592.032,46.653,4.921,1.935,4.922,1078.035,587.348,46.755,1040,567,40,72,56,14
19.108,73.291,674,358,4086,6.062,11.787,1.000,0,66,818.409,677.976,47.196,2.532,1.111,2.504,821.326,676.041,49.687,811,672,40,14,13,17
13.438,51.410,474,258,1,0.002,0.046,0.000,0,1,1327.838,752.357,43.711,1.513,0.408,1.527,1320.000,756.000,43.000,1320,747,40,18,12,7
30.618,82.622,1080,408,23,0.021,0.151,0.000,0,2,965.513,759.685,47.512,2.051,0.570,1.963,963.304,753.652,45.217,960,752,40,12,16,15
4.366,21.485,154,92,454720,2952.727,960.860,3256.500,517,4012,1344.740,843.630,43.169,1.092,0.386,1.044,1344.575,843.751,42.694,1342,841,40,6,7,7
17.889,59.987,631,354,936,1.483,2.607,0.000,0,16,1181.954,890.800,43.254,1.760,0.549,1.733,1181.790,890.364,43.608,1169,888,40,26,7,7
6.095,30.274,215,163,79,0.367,0.704,0.000,0,3,153.591,47.330,43.363,1.141,0.397,1.118,152.684,51.899,43.886,150,39,41,7,17,5
86.354,191.200,3046,1319,25,0.008,0.090,0.000,0,1,427.405,49.925,44.910,2.662,0.780,2.742,427.680,53.160,43.720,410,39,41,36,25,10
0.765,5.803,27,27,0,0.000,0.000,0.000,0,0,426.519,77.333,41.481,0.437,0.095,0.442,NaN,NaN,NaN,425,75,41,4,5,2
0.709,6.658,25,22,1,0.040,0.200,0.000,0,1,267.840,180.720,42.760,0.530,0.195,0.509,266.000,181.000,43.000,266,180,41,5,3,4
69.061,184.749,2436,1257,323,0.133,0.487,0.000,0,5,455.300,261.501,47.499,2.705,1.003,2.717,448.560,263.675,47.879,440,246,41,30,32,12
10.801,46.606,381,221,850,2.231,2.061,2.000,0,10,286.318,251.449,43.958,1.417,0.400,1.485,286.094,251.793,43.281,278,248,41,16,9,7
0.113,1.816,4,4,11,2.750,0.500,3.000,2,3,305.750,257.250,41.250,0.260,0.116,0.226,305.727,257.182,41.273,305,257,41,2,2,2
124.173,274.771,4380,1471,211,0.048,0.230,0.000,0,2,1363.291,456.571,49.356,3.448,1.177,3.616,1372.005,460.047,45.445,1341,447,41,41,20,18
88.509,261.007,3122,1542,35,0.011,0.122,0.000,0,3,739.601,483.999,46.516,3.515,1.494,3.446,733.543,468.686,43.714,719,460,41,40,47,11
0.822,6.660,29,27,119,4.103,1.589,4.000,2,8,593.241,604.138,42.414,0.473,0.128,0.450,593.084,604.235,42.269,592,602,41,4,5,3
0.936,9.835,33,32,0,0.000,0.000,0.000,0,0,884.606,802.758,44.273,0.834,0.430,0.742,NaN,NaN,NaN,883,801,41,4,5,6
29.739,94.507,1049,526,3268,3.115,7.159,0.000,0,51,1334.254,802.302,45.560,2.190,0.801,2.242,1328.027,806.905,43.570,1323,795,41,26,17,14
236.014,343.888,8325,2619,1159,0.139,0.694,0.000,0,14,1483.492,1095.347,48.314,3.762,0.961,3.857,1493.947,1105.733,47.207,1465,1075,41,37,45,15
1.106,8.172,39,32,0,0.000,0.000,0.000,0,0,305.923,98.385,43.154,0.581,0.150,0.582,NaN,NaN,NaN,304,97,42,5,4,4
21.489,73.019,758,409,559,0.737,1.265,0.000,0,6,461.173,91.224,47.187,1.821,0.676,1.688,460.689,95.522,45.351,455,82,42,13,22,11
0.227,2.421,8,8,0,0.000,0.000,0.000,0,0,669.500,415.500,42.500,0.322,0.000,0.322,NaN,NaN,NaN,669,415,42,2,2,2
0.057,0.959,2,2,0,0.000,0.000,0.000,0,0,676.500,415.000,42.000,0.112,0.000,0.112,NaN,NaN,NaN,676,415,42,2,1,1
0.340,3.834,12,12,34,2.833,1.337,3.000,1,5,476.250,476.167,42.333,0.360,0.090,0.360,476.353,476.529,42.235,475,475,42,3,4,2
2.155,14.677,76,57,0,0.000,0.000,0.000,0,0,610.882,520.763,44.763,0.838,0.323,0.784,NaN,NaN,NaN,609,518,42,5,6,6
8.590,35.064,303,172,6,0.020,0.140,0.000,0,1,581.317,552.096,44.904,1.246,0.310,1.224,582.167,556.167,47.167,577,547,42,9,13,7
18.796,69.977,663,350,87,0.131,0.475,0.000,0,4,724.204,612.909,48.009,2.191,0.919,2.270,723.402,614.586,44.218,717,603,42,15,18,13
0.255,2.977,9,9,9,1.000,0.000,1.000,1,1,809.333,693.333,42.778,0.315,0.112,0.333,809.333,693.333,42.778,808,693,42,4,2,2
43.999,101.534,1552,548,20,0.013,0.118,0.000,0,2,1363.586,782.970,48.873,2.523,0.848,2.486,1358.450,786.300,46.050,1357,776,42,14,14,14
0.028,0.605,1,1,0,0.000,0.000,0.000,0,0,1365.000,841.000,42.000,0.000,0.000,0.000,NaN,NaN,NaN,1365,841,42,1,1,1
11.113,42.012,392,212,92184,235.163,137.258,202.500,34,649,2.071,31.556,47.620,1.518,0.510,1.452,1.529,31.207,48.333,0,26,43,7,12,10
1.361,9.736,48,36,74,1.542,0.798,2.000,0,3,172.771,40.125,44.708,0.653,0.183,0.589,173.000,40.351,44.986,171,38,43,5,5,4
4.196,20.581,148,89,132587,895.858,333.028,826.000,365,1676,235.858,58.635,45.561,1.005,0.289,0.966,236.252,58.859,45.522,232,56,43,8,6,6
6.662,28.206,235,150,352,1.498,1.726,1.000,0,6,140.370,67.043,45.328,1.092,0.256,1.044,141.739,64.332,44.804,136,62,43,9,12,6
39.832,124.344,1405,613,20,0.014,0.118,0.000,0,1,959.915,242.863,48.488,2.338,0.787,2.483,967.550,250.400,45.400,948,233,43,23,20,13
0.312,3.380,11,11,0,0.000,0.000,0.000,0,0,291.727,273.182,43.455,0.348,0.043,0.354,NaN,NaN,NaN,291,272,43,3,3,2
0.057,0.959,2,2,0,0.000,0.000,0.000,0,0,542.500,596.000,43.000,0.112,0.000,0.112,NaN,NaN,NaN,542,596,43,2,1,1
20.100,80.624,709,418,470,0.663,1.201,0.000,0,10,1059.083,613.513,45.725,1.717,0.596,1.754,1055.130,611.432,46.196,1046,605,43,23,17,7
0.964,9.380,34,33,13,0.382,0.493,0.000,0,1,1027.265,680.382,45.176,0.774,0.386,0.693,1027.308,680.769,45.923,1026,678,43,3,6,6
6.492,26.287,229,145,31,0.135,0.443,0.000,0,3,1523.009,1195.585,45.590,1.099,0.232,1.078,1525.548,1196.097,44.742,1519,1190,43,8,10,6
19.987,54.340,705,315,2606,3.696,8.048,2.000,0,79,160.166,25.067,47.962,1.628,0.234,1.662,158.865,22.660,48.788,153,20,44,14,12,8
32.206,85.138,1136,520,82,0.072,0.346,0.000,0,3,546.140,80.151,47.568,1.916,0.436,1.925,553.037,74.171,47.683,536,71,44,22,18,8
29.824,119.149,1052,558,0,0.000,0.000,0.000,0,0,838.413,132.901,49.220,2.596,1.089,2.600,NaN,NaN,NaN,823,116,44,30,32,11
16.018,57.251,565,278,191,0.338,0.902,0.000,0,5,338.942,368.405,48.276,1.634,0.438,1.648,338.293,373.529,47.623,335,360,44,10,17,9
0.283,3.078,10,10,0,0.000,0.000,0.000,0,0,673.500,423.600,44.400,0.366,0.086,0.366,NaN,NaN,NaN,673,422,44,2,4,2
203.014,487.928,7161,2933,2858,0.399,1.327,0.000,0,21,1562.663,525.494,49.745,4.633,1.770,4.683,1575.091,530.165,48.962,1537,496,44,63,53,13
15.734,60.534,555,308,78,0.141,0.396,0.000,0,3,1594.465,553.978,47.328,1.575,0.479,1.589,1592.692,551.269,48.436,1588,547,44,12,18,8
24.721,63.270,872,363,267,0.306,0.586,0.000,0,3,1469.110,785.245,48.416,1.761,0.264,1.734,1469.393,785.869,47.431,1463,778,44,13,15,9
21.518,60.883,759,313,291,0.383,0.772,0.000,0,6,992.988,816.345,48.731,1.811,0.477,1.797,994.818,815.278,48.924,986,812,44,14,10,10
1.134,8.780,40,36,152626,3815.650,144.264,3864.500,3421,3971,1309.800,834.900,45.675,0.527,0.148,0.508,1309.807,834.931,45.661,1308,832,44,5,6,4
0.085,1.312,3,3,0,0.000,0.000,0.000,0,0,1283.667,896.333,44.000,0.147,0.036,0.168,NaN,NaN,NaN,1283,896,44,2,2,1
245.653,434.465,8665,3076,2076,0.240,0.931,0.000,0,16,1491.165,1188.370,52.725,4.135,1.581,4.050,1487.342,1190.595,51.297,1462,1173,44,56,27,17
1.049,9.027,37,37,117387,3172.622,416.935,3221.000,2195,3773,134.973,0.351,46.703,0.620,0.236,0.611,135.079,0.340,46.597,132,0,45,7,2,4
390.124,659.415,13761,4591,4196,0.305,0.665,0.000,0,7,1320.946,92.510,54.860,6.961,3.482,6.267,1319.695,91.664,54.337,1258,53,45,103,66,16
195.190,420.376,6885,2596,3057106,444.024,904.266,56.000,0,4095,193.606,101.419,54.080,4.419,1.424,4.471,203.736,112.495,55.185,174,73,45,44,60,16
3.771,18.464,133,88,8,0.060,0.239,0.000,0,1,290.677,124.947,46.752,0.913,0.204,0.889,293.000,125.875,45.500,288,121,45,7,8,5
32.517,86.904,1147,519,32,0.028,0.165,0.000,0,1,531.411,172.973,49.035,1.985,0.511,1.925,529.094,173.812,46.969,521,162,45,22,21,9
0.113,1.413,4,4,0,0.000,0.000,0.000,0,0,270.500,175.500,45.000,0.159,0.000,0.159,NaN,NaN,NaN,270,175,45,2,2,1
515.346,630.440,18178,4067,6354,0.350,0.973,0.000,0,12,1131.102,454.713,54.085,5.678,1.964,5.328,1133.445,460.287,53.432,1102,421,45,61,71,16
1.814,11.504,64,55,7,0.109,0.315,0.000,0,1,714.906,504.953,45.797,0.665,0.161,0.683,712.571,505.571,45.857,711,503,45,8,5,3
4.167,19.274,147,101,29,0.197,0.416,0.000,0,2,560.204,537.592,46.544,0.921,0.170,0.919,561.552,537.379,47.345,557,534,45,7,8,5
333.991,555.141,11781,4154,2054,0.174,0.479,0.000,0,6,1150.393,551.833,50.373,4.447,1.287,4.452,1150.689,550.071,50.305,1123,528,45,59,51,12
2.438,14.728,86,66,0,0.000,0.000,0.000,0,0,789.674,764.872,47.349,0.859,0.297,0.873,NaN,NaN,NaN,788,762,45,5,7,6
0.227,2.725,8,8,0,0.000,0.000,0.000,0,0,796.250,776.375,45.875,0.282,0.127,0.266,NaN,NaN,NaN,795,776,45,4,2,2
13.211,42.075,466,226,4271,9.165,20.623,1.000,0,192,1352.867,836.616,48.045,1.450,0.286,1.400,1349.917,838.327,46.454,1348,832,45,11,10,8
5.755,24.775,203,126,0,0.000,0.000,0.000,0,0,1548.911,868.310,47.054,1.038,0.196,1.078,NaN,NaN,NaN,1546,864,45,8,10,5
4.763,23.620,168,130,35,0.208,0.449,0.000,0,2,1288.875,874.756,46.000,0.972,0.306,0.922,1288.886,873.771,46.514,1283,871,45,14,9,3
22.340,74.077,788,407,870021,1104.088,798.466,1145.000,20,2673,36.860,2.164,52.830,2.371,1.014,2.388,36.820,2.463,54.915,30,0,46,15,8,15
30.108,85.068,1062,480,283,0.266,0.531,0.000,0,3,278.521,101.204,50.229,2.006,0.536,1.986,277.887,101.777,49.078,270,91,46,16,22,10
0.085,1.312,3,3,0,0.000,0.000,0.000,0,0,241.667,185.667,46.000,0.147,0.036,0.168,NaN,NaN,NaN,241,185,46,2,2,1
0.057,1.211,2,2,0,0.000,0.000,0.000,0,0,986.000,257.500,46.500,0.302,0.000,0.302,NaN,NaN,NaN,986,257,46,1,2,2
0.482,4.289,17,17,15,0.882,0.600,1.000,0,2,885.235,572.706,46.412,0.381,0.067,0.377,885.600,572.600,46.333,884,571,46,3,4,2
3.969,22.552,140,108,2,0.014,0.119,0.000,0,1,1077.293,626.221,47.464,0.959,0.292,1.025,1076.500,626.500,48.500,1073,623,46,11,7,4
5.131,24.716,181,124,0,0.000,0.000,0.000,0,0,641.619,630.696,48.890,1.110,0.339,1.148,NaN,NaN,NaN,637,627,46,9,8,6
1.219,12.056,43,40,394,9.163,8.121,6.000,1,34,1010.442,688.302,48.209,0.904,0.343,0.855,1009.195,688.459,47.251,1007,687,46,9,4,5
40.200,89.193,1418,489,6106,4.306,6.705,1.000,0,42,1519.173,750.257,51.706,2.178,0.444,2.117,1517.662,753.461,52.198,1511,744,46,17,14,12
11.623,37.489,410,211,1224,2.985,2.701,2.000,0,14,1499.854,778.024,48.163,1.323,0.178,1.303,1501.343,778.755,48.500,1494,773,46,12,11,6
214.071,428.260,7551,2740,722,0.096,0.425,0.000,0,7,1418.165,987.879,52.677,4.824,1.985,4.672,1416.975,986.656,54.026,1397,946,46,40,75,14
1.446,10.442,51,41,60068,1177.804,432.179,1178.000,488,2121,88.529,18.765,48.627,0.638,0.195,0.596,88.518,19.139,48.661,86,17,47,6,5,4
7.513,29.716,265,157,71,0.268,0.577,0.000,0,3,12.574,43.562,49.374,1.166,0.266,1.170,12.000,42.085,48.577,7,41,47,13,6,6
0.227,2.875,8,8,20,2.500,0.926,2.500,1,4,45.625,60.125,48.000,0.301,0.186,0.254,45.750,60.250,48.050,45,59,47,2,3,3
3.118,16.553,110,88,0,0.000,0.000,0.000,0,0,294.900,112.955,48.500,0.799,0.212,0.837,NaN,NaN,NaN,292,109,47,8,8,4
17.293,53.014,610,265,1166792,1912.774,957.190,1869.500,255,3704,198.972,142.208,51.577,1.691,0.441,1.654,198.716,143.250,51.276,194,136,47,11,12,10
1.531,11.250,54,44,0,0.000,0.000,0.000,0,0,998.741,264.259,48.889,0.740,0.303,0.690,NaN,NaN,NaN,996,263,47,7,4,5
0.510,4.894,18,18,0,0.000,0.000,0.000,0,0,420.278,402.056,47.556,0.396,0.084,0.381,NaN,NaN,NaN,418,401,47,5,3,2
0.340,3.128,12,12,0,0.000,0.000,0.000,0,0,593.500,559.000,47.500,0.352,0.037,0.376,NaN,NaN,NaN,593,558,47,2,3,2
337.904,453.732,11919,3439,1022,0.086,0.329,0.000,0,3,1152.049,626.424,53.127,4.244,1.382,4.071,1141.537,616.201,51.872,1127,601,47,52,50,14
35.579,113.131,1255,687,964,0.768,1.890,0.000,0,15,1593.385,663.138,50.273,2.131,0.757,2.100,1591.312,663.412,50.311,1586,649,47,14,30,8
12.899,62.019,455,344,0,0.000,0.000,0.000,0,0,821.906,699.026,56.358,2.384,1.268,2.188,NaN,NaN,NaN,817,688,47,12,23,14
15.224,50.402,537,299,118295,220.289,148.127,229.000,3,487,201.866,2.911,51.553,1.583,0.454,1.522,199.698,2.402,52.254,193,0,48,18,9,8
1.106,8.474,39,32,78,2.000,1.124,2.000,0,4,136.000,12.103,49.487,0.621,0.208,0.559,135.718,11.769,49.397,134,11,48,5,4,4
2.183,16.497,77,66,67,0.870,1.794,0.000,0,10,136.104,18.416,49.558,0.881,0.346,0.852,132.463,17.373,49.836,130,16,48,14,5,4
48.649,127.070,1716,755,7,0.004,0.064,0.000,0,1,411.953,26.281,52.432,2.370,0.819,2.251,412.000,32.571,51.143,393,18,48,32,17,10
3.175,20.837,112,96,0,0.000,0.000,0.000,0,0,777.955,70.143,50.152,0.937,0.366,0.905,NaN,NaN,NaN,771,67,48,13,7,5
1.276,9.232,45,36,18818,418.178,161.197,394.000,194,787,254.467,127.378,49.689,0.610,0.171,0.570,254.247,127.664,49.559,252,125,48,6,5,4
388.934,496.947,13719,3945,3493,0.255,0.700,0.000,0,10,1388.698,147.173,55.761,5.033,1.749,4.832,1391.254,145.121,53.021,1352,125,48,71,46,13
0.283,2.876,10,10,0,0.000,0.000,0.000,0,0,171.200,166.500,48.600,0.337,0.053,0.357,NaN,NaN,NaN,170,166,48,3,2,2
34.700,129.659,1224,643,8,0.007,0.081,0.000,0,1,1285.772,421.584,52.453,2.695,1.137,2.726,1284.625,420.375,52.875,1265,410,48,40,22,9
79.607,188.412,2808,1151,3325,1.184,3.710,0.000,0,49,1514.042,820.324,53.993,3.164,1.056,3.165,1523.940,824.470,50.259,1493,808,48,40,24,13
2.070,12.058,73,54,261007,3575.438,286.249,3616.000,2867,3924,1325.384,837.096,49.384,0.724,0.165,0.748,1325.386,837.101,49.319,1323,834,48,5,7,4
151.361,347.665,5339,2369,136,0.025,0.180,0.000,0,3,1466.109,839.420,53.683,3.962,1.535,3.917,1469.912,847.199,51.007,1438,822,48,64,37,13
279.588,385.410,9862,2869,6668,0.676,2.518,0.000,0,27,1441.549,1071.800,55.217,4.129,1.143,4.136,1440.929,1071.232,52.643,1421,1048,48,39,51,13
23.417,83.554,826,481,9717,11.764,18.878,5.000,0,137,122.881,8.134,56.470,2.102,0.832,2.090,124.243,5.590,57.809,116,0,49,14,17,12
21.433,76.158,756,446,1,0.001,0.036,0.000,0,1,464.873,50.607,50.980,1.843,0.703,1.681,474.000,62.000,49.000,455,41,49,22,23,5
2.183,13.975,77,61,0,0.000,0.000,0.000,0,0,416.961,332.273,50.571,0.772,0.246,0.807,NaN,NaN,NaN,414,329,49,7,7,4
14.714,69.955,519,321,0,0.000,0.000,0.000,0,0,1204.432,378.642,54.077,2.106,0.842,2.196,NaN,NaN,NaN,1194,372,49,23,14,12
0.850,7.718,30,28,0,0.000,0.000,0.000,0,0,1598.500,459.033,50.867,0.565,0.216,0.547,NaN,NaN,NaN,1597,456,49,3,7,4
2.183,14.123,77,57,2,0.026,0.160,0.000,0,1,1572.026,516.143,51.506,0.799,0.250,0.865,1573.500,515.000,49.500,1569,514,49,7,5,6
27.925,83.034,985,447,0,0.000,0.000,0.000,0,0,630.190,524.485,54.841,2.237,0.762,2.220,NaN,NaN,NaN,624,513,49,13,20,12
7.938,32.139,280,167,0,0.000,0.000,0.000,0,0,683.225,687.821,50.882,1.188,0.237,1.199,NaN,NaN,NaN,679,681,49,9,14,5
2.325,16.240,82,64,0,0.000,0.000,0.000,0,0,814.073,708.963,51.805,0.978,0.448,0.929,NaN,NaN,NaN,811,706,49,6,6,7
30.334,75.699,1070,466,6397,5.979,9.232,2.000,0,65,1534.425,792.233,53.105,1.849,0.356,1.821,1534.173,790.153,51.884,1525,786,49,20,14,9
139.709,228.933,4928,1605,542,0.110,0.683,0.000,0,11,1587.641,855.171,54.843,3.205,0.727,3.258,1585.041,864.718,50.834,1570,841,49,30,32,12
1.049,9.738,37,36,1683,45.486,8.504,42.000,34,66,92.541,72.297,51.676,0.587,0.263,0.542,92.345,72.369,51.665,89,71,50,10,4,4
2.863,16.243,101,69,11774,116.574,82.167,89.000,23,357,79.931,75.881,51.950,0.871,0.250,0.848,80.385,75.403,52.614,76,74,50,8,5,5
0.397,4.237,14,13,8,0.571,0.646,0.500,0,2,1578.071,512.214,51.357,0.400,0.124,0.364,1577.875,511.625,51.625,1577,511,50,3,3,3
0.567,5.195,20,19,0,0.000,0.000,0.000,0,0,1597.100,514.650,50.950,0.467,0.168,0.552,NaN,NaN,NaN,1596,514,50,4,3,3
7.938,30.170,280,153,0,0.000,0.000,0.000,0,0,689.682,549.829,52.821,1.185,0.220,1.182,NaN,NaN,NaN,684,546,50,11,8,7
489.236,578.654,17257,4973,777,0.045,0.232,0.000,0,4,1528.998,645.632,56.037,4.991,1.804,4.776,1525.759,642.902,56.834,1493,619,50,68,55,11
3.345,16.749,118,83,364534,3089.271,660.201,3222.000,1488,3956,1330.500,819.356,52.136,0.888,0.243,0.829,1330.264,819.378,51.939,1328,816,50,6,7,5
62.909,122.605,2219,744,194,0.087,0.385,0.000,0,5,1461.971,1142.527,55.505,2.460,0.420,2.530,1458.309,1143.484,55.902,1453,1132,50,19,22,11
0.454,4.943,16,16,0,0.000,0.000,0.000,0,0,323.688,39.000,51.562,0.429,0.112,0.424,NaN,NaN,NaN,322,38,51,5,3,2
16.018,52.834,565,307,0,0.000,0.000,0.000,0,0,569.011,45.655,53.513,1.533,0.385,1.538,NaN,NaN,NaN,564,37,51,10,20,7
25.061,88.632,884,449,0,0.000,0.000,0.000,0,0,299.598,48.964,55.922,1.831,0.540,1.850,NaN,NaN,NaN,291,43,51,17,14,10
0.113,1.665,4,4,0,0.000,0.000,0.000,0,0,927.000,196.500,51.000,0.182,0.080,0.182,NaN,NaN,NaN,926,196,51,3,2,1
104.441,250.496,3684,1766,328,0.089,0.450,0.000,0,6,503.372,296.087,56.233,3.234,1.143,3.075,502.037,284.287,52.976,486,279,51,41,43,10
5.216,29.662,184,127,29,0.158,0.365,0.000,0,1,566.228,317.592,53.304,1.137,0.385,1.164,567.103,319.034,53.034,561,312,51,10,12,6
2.807,16.292,99,67,0,0.000,0.000,0.000,0,0,1224.707,389.131,53.495,0.878,0.286,0.877,NaN,NaN,NaN,1222,387,51,7,5,6
13.920,51.750,491,254,0,0.000,0.000,0.000,0,0,805.737,677.855,55.868,1.719,0.600,1.757,NaN,NaN,NaN,802,672,51,8,13,10
7.173,32.942,253,158,602,2.379,5.375,0.000,0,32,968.672,792.123,53.676,1.223,0.441,1.117,970.616,793.988,52.256,965,787,51,9,11,8
13.183,46.208,465,233,773776,1664.034,491.113,1647.000,496,2704,98.340,21.224,56.469,1.577,0.478,1.517,98.098,21.018,56.442,94,16,52,10,11,9
0.057,0.959,2,2,0,0.000,0.000,0.000,0,0,647.500,27.000,52.000,0.112,0.000,0.112,NaN,NaN,NaN,647,27,52,2,1,1
3.147,16.495,111,74,61,0.550,0.629,0.000,0,2,682.306,29.613,53.847,0.891,0.234,0.847,681.443,28.672,54.016,680,27,52,6,7,5
0.170,2.522,6,6,0,0.000,0.000,0.000,0,0,761.000,62.000,52.167,0.256,0.120,0.244,NaN,NaN,NaN,760,61,52,3,3,2
2.325,14.276,82,58,83,1.012,1.419,1.000,0,6,127.378,181.293,53.573,0.777,0.188,0.799,126.578,180.771,53.133,125,178,52,6,7,5
2.977,17.507,105,76,0,0.000,0.000,0.000,0,0,284.962,263.181,54.029,0.809,0.177,0.759,NaN,NaN,NaN,282,260,52,8,7,5
6.549,28.548,231,136,0,0.000,0.000,0.000,0,0,398.130,326.264,55.515,1.252,0.420,1.184,NaN,NaN,NaN,395,323,52,7,9,9
238.990,371.391,8430,3391,895,0.106,0.429,0.000,0,6,1484.665,593.279,57.360,4.277,1.659,4.049,1487.107,593.882,58.483,1446,577,52,66,34,9
0.879,7.214,31,27,0,0.000,0.000,0.000,0,0,1429.645,889.710,53.516,0.506,0.159,0.474,NaN,NaN,NaN,1428,888,52,4,5,4
1.219,9.232,43,35,0,0.000,0.000,0.000,0,0,1419.256,905.233,53.395,0.584,0.156,0.546,NaN,NaN,NaN,1417,903,52,5,5,4
1.049,7.416,37,33,0,0.000,0.000,0.000,0,0,1426.676,908.784,53.135,0.555,0.147,0.577,NaN,NaN,NaN,1424,908,52,6,3,3
0.170,2.169,6,6,0,0.000,0.000,0.000,0,0,1434.667,915.500,52.333,0.297,0.079,0.265,NaN,NaN,NaN,1434,915,52,2,2,2
0.425,4.439,15,14,0,0.000,0.000,0.000,0,0,1421.000,918.133,53.000,0.407,0.166,0.340,NaN,NaN,NaN,1420,917,52,3,3,3
127.575,249.520,4500,1845,1427,0.317,0.742,0.000,0,9,1234.277,28.322,57.436,3.832,1.567,3.640,1240.720,33.726,57.700,1207,7,53,52,44,8
11.453,42.174,404,229,33274,82.361,52.817,83.000,2,199,179.656,44.988,57.069,1.531,0.488,1.565,179.566,46.298,56.339,176,39,53,9,13,8
85.107,170.824,3002,1299,465238,154.976,385.686,11.000,0,2011,10.847,62.029,57.545,2.706,0.740,2.546,9.805,76.621,56.470,0,46,53,24,38,8
6.691,34.353,236,156,0,0.000,0.000,0.000,0,0,955.254,214.742,55.936,1.247,0.380,1.233,NaN,NaN,NaN,950,210,53,11,12,8
3.204,16.801,113,74,6,0.053,0.225,0.000,0,1,389.248,321.212,54.451,0.848,0.162,0.855,391.833,319.833,54.167,386,318,53,7,8,5
1.021,8.222,36,28,0,0.000,0.000,0.000,0,0,568.556,327.806,54.611,0.621,0.203,0.543,NaN,NaN,NaN,567,326,53,4,5,4
5.386,23.463,190,122,0,0.000,0.000,0.000,0,0,720.116,594.100,54.847,1.008,0.213,1.004,NaN,NaN,NaN,716,590,53,9,9,5
0.567,5.247,20,20,77968,3898.400,85.768,3925.500,3683,4003,1311.100,826.350,53.700,0.411,0.128,0.414,1311.089,826.338,53.697,1310,824,53,3,5,3
4.819,23.054,170,111,52,0.306,0.829,0.000,0,6,587.365,3.735,55.735,1.029,0.241,1.030,590.115,3.135,55.846,583,0,54,9,8,5
16.982,50.157,599,299,0,0.000,0.000,0.000,0,0,283.559,24.993,57.851,1.552,0.288,1.507,NaN,NaN,NaN,277,18,54,13,14,7
18.314,72.997,646,485,777500,1203.560,600.191,1224.500,157,2672,92.971,40.291,58.771,1.962,0.807,2.014,92.644,41.356,58.543,80,31,54,29,18,7
2.835,15.284,100,69,4355,43.550,56.814,20.500,0,268,237.420,51.150,55.760,0.848,0.236,0.815,236.107,50.585,55.495,234,49,54,7,5,5
22.170,58.237,782,386,3,0.004,0.062,0.000,0,1,1097.877,370.949,57.754,1.674,0.299,1.648,1096.333,373.667,54.000,1092,364,54,15,15,7
0.227,2.725,8,8,0,0.000,0.000,0.000,0,0,599.875,521.625,54.125,0.276,0.124,0.264,NaN,NaN,NaN,599,521,54,3,3,2
0.227,2.574,8,8,18975,2371.875,263.854,2403.000,1999,2690,1275.500,827.125,54.000,0.246,0.097,0.252,1275.429,827.186,54.000,1274,826,54,4,3,1
0.085,1.312,3,3,0,0.000,0.000,0.000,0,0,1412.333,911.667,54.000,0.147,0.036,0.168,NaN,NaN,NaN,1412,911,54,2,2,1
91.457,225.641,3226,1940,253,0.078,0.336,0.000,0,3,1406.383,1022.092,58.465,3.151,1.137,3.120,1402.802,1018.676,58.862,1381,1004,54,41,42,7
0.595,5.650,21,21,35148,1673.714,283.436,1710.000,1174,2072,249.714,62.667,55.667,0.543,0.220,0.483,249.746,62.889,55.573,249,61,55,3,6,3
17.407,51.788,614,376,44,0.072,0.264,0.000,0,2,1595.098,772.720,58.384,1.517,0.366,1.493,1591.250,770.932,58.364,1588,765,55,12,20,6
0.255,2.876,9,9,10,1.111,0.333,1.000,1,2,1163.889,496.444,56.667,0.324,0.075,0.328,1163.800,496.400,56.600,1163,496,56,3,2,2
1.219,8.172,43,38,72131,1677.465,492.112,1595.000,932,2578,1.442,5.512,59.000,0.593,0.159,0.657,1.149,5.521,59.063,0,4,57,4,4,4
19.845,75.085,700,549,1685955,2408.507,1206.564,2894.000,5,3904,157.250,43.244,59.157,1.980,0.950,1.829,154.725,44.771,59.185,143,33,57,34,21,4
3.204,15.946,113,88,291332,2578.159,596.434,2607.000,1192,3775,220.823,42.796,58.938,0.817,0.186,0.777,220.818,43.085,58.873,217,40,57,8,7,4
2.126,13.019,75,62,132084,1761.120,626.872,1679.000,541,2987,51.373,48.520,59.147,0.710,0.195,0.723,51.786,48.767,59.151,48,46,57,8,6,4
3.459,17.514,122,102,113817,932.926,184.862,938.500,492,1300,79.418,72.148,59.197,0.811,0.201,0.800,79.398,72.349,59.189,74,69,57,11,7,4
3.402,17.309,120,94,1250,10.417,4.162,10.000,4,25,133.408,113.000,58.983,0.851,0.213,0.807,133.095,113.014,59.025,130,108,57,8,9,4
0.822,7.868,29,28,133,4.586,3.290,4.000,1,15,1180.310,511.828,58.138,0.579,0.248,0.531,1179.925,511.526,57.850,1179,510,57,3,6,4
0.340,3.431,12,12,0,0.000,0.000,0.000,0,0,675.917,522.917,57.667,0.350,0.080,0.370,NaN,NaN,NaN,675,522,57,3,3,2
5.982,26.347,211,158,75,0.355,0.725,0.000,0,4,1514.384,797.152,59.062,1.041,0.287,1.018,1515.987,795.773,59.600,1507,794,57,16,8,4
6.180,24.840,218,173,0,0.000,0.000,0.000,0,0,280.867,5.693,59.229,0.970,0.231,0.970,NaN,NaN,NaN,276,0,58,11,12,3
8.845,35.698,312,256,184,0.590,1.110,0.000,0,7,27.907,34.413,59.285,1.169,0.378,1.143,25.462,34.728,58.848,22,26,58,14,18,3
0.113,1.665,4,4,0,0.000,0.000,0.000,0,0,195.000,65.500,58.000,0.182,0.080,0.182,NaN,NaN,NaN,194,65,58,3,2,1
1.361,10.094,48,46,2422,50.458,17.340,47.000,20,85,138.208,133.646,59.542,0.628,0.261,0.584,137.999,134.032,59.488,136,128,58,6,9,3
8.760,35.653,309,260,0,0.000,0.000,0.000,0,0,1001.107,296.188,59.353,1.218,0.469,1.142,NaN,NaN,NaN,994,290,58,19,15,3
0.057,0.959,2,2,0,0.000,0.000,0.000,0,0,1476.500,471.000,58.000,0.112,0.000,0.112,NaN,NaN,NaN,1476,471,58,2,1,1
7.286,32.168,257,233,0,0.000,0.000,0.000,0,0,1231.552,726.366,59.455,1.163,0.442,1.122,NaN,NaN,NaN,1225,718,58,15,18,3
13.721,44.552,484,400,0,0.000,0.000,0.000,0,0,1326.207,890.244,59.273,1.330,0.390,1.341,NaN,NaN,NaN,1319,882,58,16,18,3
4.649,21.307,164,140,0,0.000,0.000,0.000,0,0,1375.335,901.915,59.378,0.913,0.282,0.891,NaN,NaN,NaN,1372,896,58,8,14,3
0.624,5.452,22,22,0,0.000,0.000,0.000,0,0,228.000,23.000,59.864,0.398,0.131,0.456,NaN,NaN,NaN,226,21,59,5,5,2
1.418,9.493,50,50,65623,1312.460,392.644,1344.000,554,1896,191.000,130.260,59.780,0.549,0.166,0.558,191.374,130.578,59.750,188,127,59,7,7,2
3.033,19.388,107,107,0,0.000,0.000,0.000,0,0,1018.336,307.262,59.720,0.967,0.450,0.920,NaN,NaN,NaN,1011,303,59,16,11,2
0.369,3.683,13,13,0,0.000,0.000,0.000,0,0,1594.385,318.462,59.692,0.352,0.083,0.396,NaN,NaN,NaN,1593,317,59,3,4,2
1.332,8.885,47,47,0,0.000,0.000,0.000,0,0,585.000,332.702,59.702,0.536,0.164,0.539,NaN,NaN,NaN,583,329,59,5,8,2
0.652,5.249,23,23,0,0.000,0.000,0.000,0,0,1482.435,463.087,59.739,0.404,0.103,0.433,NaN,NaN,NaN,1481,461,59,4,5,2
0.198,2.372,7,7,0,0.000,0.000,0.000,0,0,1499.429,467.000,59.857,0.261,0.118,0.258,NaN,NaN,NaN,1499,466,59,2,3,2
1.191,8.534,42,42,0,0.000,0.000,0.000,0,0,1413.571,483.667,59.881,0.528,0.178,0.541,NaN,NaN,NaN,1410,481,59,8,6,2
0.397,3.785,14,14,0,0.000,0.000,0.000,0,0,1180.857,503.500,59.714,0.355,0.091,0.375,NaN,NaN,NaN,1180,502,59,3,4,2
4.309,23.233,152,152,4,0.026,0.161,0.000,0,1,1546.717,725.895,59.724,1.009,0.496,0.884,1548.250,726.250,59.250,1538,720,59,17,14,2
1.304,8.986,46,46,0,0.000,0.000,0.000,0,0,1245.652,747.152,59.739,0.545,0.182,0.538,NaN,NaN,NaN,1243,745,59,8,6,2
1.361,9.140,48,48,0,0.000,0.000,0.000,0,0,1448.750,822.167,59.792,0.551,0.177,0.555,NaN,NaN,NaN,1446,819,59,7,7,2
0.057,0.959,2,2,0,0.000,0.000,0.000,0,0,447.500,28.000,60.000,0.112,0.000,0.112,NaN,NaN,NaN,447,28,60,2,1,1
0.283,3.029,10,10,26128,2612.800,272.176,2644.000,2174,2949,70.600,55.500,60.000,0.320,0.161,0.349,70.598,55.646,60.000,70,53,60,2,6,1
0.028,0.605,1,1,3116,3116.000,0.000,3116.000,3116,3116,226.000,129.000,60.000,0.000,0.000,0.000,226.000,129.000,60.000,226,129,60,1,1,1
0.057,0.959,2,2,0,0.000,0.000,0.000,0,0,952.000,209.500,60.000,0.112,0.000,0.112,NaN,NaN,NaN,952,209,60,1,2,1
0.085,1.312,3,3,0,0.000,0.000,0.000,0,0,487.333,301.667,60.000,0.147,0.036,0.168,NaN,NaN,NaN,487,301,60,2,2,1
0.425,4.039,15,15,0,0.000,0.000,0.000,0,0,1424.733,484.000,60.000,0.361,0.174,0.363,NaN,NaN,NaN,1422,483,60,7,3,1
0.255,2.423,9,9,0,0.000,0.000,0.000,0,0,778.000,683.000,60.000,0.241,0.102,0.225,NaN,NaN,NaN,777,682,60,3,3,1
0.737,5.909,26,26,0,0.000,0.000,0.000,0,0,1556.846,736.885,60.000,0.493,0.226,0.481,NaN,NaN,NaN,1554,734,60,7,6,1
0.057,0.959,2,2,0,0.000,0.000,0.000,0,0,1246.000,737.500,60.000,0.112,0.000,0.112,NaN,NaN,NaN,1246,737,60,1,2,1
0.369,3.332,13,13,0,0.000,0.000,0.000,0,0,1227.385,751.385,60.000,0.303,0.104,0.341,NaN,NaN,NaN,1226,750,60,4,4,1
0.312,3.130,11,11,0,0.000,0.000,0.000,0,0,1245.182,754.545,60.000,0.288,0.110,0.293,NaN,NaN,NaN,1244,753,60,4,4,1
0.369,3.332,13,13,0,0.000,0.000,0.000,0,0,1278.615,793.385,60.000,0.303,0.104,0.341,NaN,NaN,NaN,1277,792,60,4,4,1
0.595,5.150,21,21,0,0.000,0.000,0.000,0,0,1371.619,936.381,60.000,0.428,0.188,0.390,NaN,NaN,NaN,1369,934,60,6,6,1
1.389,8.993,49,49,0,0.000,0.000,0.000,0,0,1367.531,966.714,60.000,0.618,0.245,0.620,NaN,NaN,NaN,1365,962,60,6,10,1
